yes.no,,ensembl_gene_id,gene_biotype,hgnc_symbol,description,entrezgene_id,searchTerm
yes,1,ENSAPLG00020001054,protein_coding,ADAMTS1,ADAM metallopeptidase with thrombospondin type 1 motif 1 [Source:HGNC Symbol;Acc:HGNC:217],NA,ADAMTS
yes,2,ENSAPLG00020001587,protein_coding,ADAMTS5,ADAM metallopeptidase with thrombospondin type 1 motif 5 [Source:HGNC Symbol;Acc:HGNC:221],NA,ADAMTS
yes,3,ENSAPLG00020002889,protein_coding,ADAMTS19,ADAM metallopeptidase with thrombospondin type 1 motif 19 [Source:HGNC Symbol;Acc:HGNC:17111],NA,ADAMTS
yes,4,ENSAPLG00020003725,protein_coding,ADAMTSL2,ADAMTS like 2 [Source:HGNC Symbol;Acc:HGNC:14631],NA,ADAMTS
yes,5,ENSAPLG00020003788,protein_coding,ADAMTS13,ADAM metallopeptidase with thrombospondin type 1 motif 13 [Source:HGNC Symbol;Acc:HGNC:1366],NA,ADAMTS
yes,6,ENSAPLG00020004675,protein_coding,ADAMTS6,ADAM metallopeptidase with thrombospondin type 1 motif 6 [Source:HGNC Symbol;Acc:HGNC:222],NA,ADAMTS
yes,7,ENSAPLG00020005236,protein_coding,ADAMTS20,ADAM metallopeptidase with thrombospondin type 1 motif 20 [Source:HGNC Symbol;Acc:HGNC:17178],NA,ADAMTS
yes,8,ENSAPLG00020006506,protein_coding,ADAMTS14,ADAM metallopeptidase with thrombospondin type 1 motif 14 [Source:HGNC Symbol;Acc:HGNC:14899],NA,ADAMTS
yes,9,ENSAPLG00020007963,protein_coding,ADAMTSL1,ADAMTS like 1 [Source:HGNC Symbol;Acc:HGNC:14632],NA,ADAMTS
yes,10,ENSAPLG00020009169,protein_coding,ADAMTS12,ADAM metallopeptidase with thrombospondin type 1 motif 12 [Source:HGNC Symbol;Acc:HGNC:14605],NA,ADAMTS
yes,11,ENSAPLG00020009875,protein_coding,ADAMTS18,ADAM metallopeptidase with thrombospondin type 1 motif 18 [Source:HGNC Symbol;Acc:HGNC:17110],NA,ADAMTS
yes,12,ENSAPLG00020010999,protein_coding,ADAMTS7,ADAM metallopeptidase with thrombospondin type 1 motif 7 [Source:HGNC Symbol;Acc:HGNC:223],NA,ADAMTS
yes,13,ENSAPLG00020011132,protein_coding,ADAMTS3,ADAM metallopeptidase with thrombospondin type 1 motif 3 [Source:NCBI gene;Acc:101801056],101801056,ADAMTS
yes,14,ENSAPLG00020013082,protein_coding,ADAMTS15,ADAM metallopeptidase with thrombospondin type 1 motif 15 [Source:HGNC Symbol;Acc:HGNC:16305],NA,ADAMTS
yes,15,ENSAPLG00020013087,protein_coding,ADAMTS9,ADAM metallopeptidase with thrombospondin type 1 motif 9 [Source:HGNC Symbol;Acc:HGNC:13202],NA,ADAMTS
yes,16,ENSAPLG00020013088,protein_coding,ADAMTS8,ADAM metallopeptidase with thrombospondin type 1 motif 8 [Source:HGNC Symbol;Acc:HGNC:224],NA,ADAMTS
yes,17,ENSAPLG00020014302,protein_coding,ADAMTS17,ADAM metallopeptidase with thrombospondin type 1 motif 17 [Source:HGNC Symbol;Acc:HGNC:17109],NA,ADAMTS
yes,18,ENSAPLG00020015023,protein_coding,ADAMTS10,ADAM metallopeptidase with thrombospondin type 1 motif 10 [Source:HGNC Symbol;Acc:HGNC:13201],NA,ADAMTS
yes,19,ENSAPLG00020017708,protein_coding,ADAMTS2,ADAM metallopeptidase with thrombospondin type 1 motif 2 [Source:HGNC Symbol;Acc:HGNC:218],NA,ADAMTS
yes,20,ENSAPLG00020017714,protein_coding,ADAMTSL3,ADAMTS like 3 [Source:HGNC Symbol;Acc:HGNC:14633],NA,ADAMTS
yes,21,ENSAPLG00020005556,protein_coding,FOSL2,"FOS like 2, AP-1 transcription factor subunit [Source:HGNC Symbol;Acc:HGNC:3798]",NA,AP-1
yes,22,ENSAPLG00020012003,protein_coding,FOS,"Fos proto-oncogene, AP-1 transcription factor subunit [Source:HGNC Symbol;Acc:HGNC:3796]",NA,AP-1
yes,23,ENSAPLG00020015991,protein_coding,FOSB,"FosB proto-oncogene, AP-1 transcription factor subunit [Source:HGNC Symbol;Acc:HGNC:3797]",NA,AP-1
yes,24,ENSAPLG00020016529,protein_coding,JUN,"Jun proto-oncogene, AP-1 transcription factor subunit [Source:NCBI gene;Acc:101796626]",101796626,AP-1
yes,25,ENSAPLG00020005057,protein_coding,TFB2M,"transcription factor B2, mitochondrial [Source:HGNC Symbol;Acc:HGNC:18559]",NA,B2M
yes,26,ENSAPLG00020008995,protein_coding,BDNF,brain derived neurotrophic factor [Source:NCBI gene;Acc:101793720],101793720,BDNF
yes,27,ENSAPLG00020000723,protein_coding,BMPR1B,bone morphogenetic protein receptor type 1B [Source:NCBI gene;Acc:101794439],101794439,BMP
yes,28,ENSAPLG00020000908,protein_coding,BMPR2,bone morphogenetic protein receptor type 2 [Source:HGNC Symbol;Acc:HGNC:1078],NA,BMP
yes,29,ENSAPLG00020005219,protein_coding,BRINP3,BMP/retinoic acid inducible neural specific 3 [Source:NCBI gene;Acc:101800093],101800093,BMP
no,30,ENSAPLG00020006089,protein_coding,GREM2,"gremlin 2, DAN family BMP antagonist [Source:NCBI gene;Acc:101792191]",101792191,BMP
no,31,ENSAPLG00020008339,protein_coding,RGMB,repulsive guidance molecule BMP co-receptor b [Source:HGNC Symbol;Acc:HGNC:26896],NA,BMP
no,32,ENSAPLG00020008392,protein_coding,BAMBI,BMP and activin membrane bound inhibitor [Source:NCBI gene;Acc:101792754],101792754,BMP
no,33,ENSAPLG00020009735,protein_coding,HJV,hemojuvelin BMP co-receptor [Source:HGNC Symbol;Acc:HGNC:4887],NA,BMP
yes,34,ENSAPLG00020009987,protein_coding,BMP3,bone morphogenetic protein 3 [Source:HGNC Symbol;Acc:HGNC:1070],NA,BMP
no,35,ENSAPLG00020010002,protein_coding,CER1,"cerberus 1, DAN family BMP antagonist [Source:HGNC Symbol;Acc:HGNC:1862]",NA,BMP
yes,36,ENSAPLG00020010443,protein_coding,BMP2,bone morphogenetic protein 2 [Source:HGNC Symbol;Acc:HGNC:1069],NA,BMP
yes,37,ENSAPLG00020011019,protein_coding,BMP2K,BMP2 inducible kinase [Source:HGNC Symbol;Acc:HGNC:18041],NA,BMP
yes,38,ENSAPLG00020011127,protein_coding,BMP10,bone morphogenetic protein 10 [Source:HGNC Symbol;Acc:HGNC:20869],NA,BMP
yes,39,ENSAPLG00020011162,protein_coding,CRIM1,cysteine rich transmembrane BMP regulator 1 [Source:HGNC Symbol;Acc:HGNC:2359],NA,BMP
yes,40,ENSAPLG00020011970,protein_coding,BMP6,bone morphogenetic protein 6 [Source:HGNC Symbol;Acc:HGNC:1073],NA,BMP
yes,41,ENSAPLG00020012908,protein_coding,BMP5,bone morphogenetic protein 5 [Source:NCBI gene;Acc:101798837],101798837,BMP
no,42,ENSAPLG00020014254,protein_coding,RGMA,repulsive guidance molecule BMP co-receptor a [Source:NCBI gene;Acc:101799588],101799588,BMP
yes,43,ENSAPLG00020014678,protein_coding,BMPR1A,bone morphogenetic protein receptor type 1A [Source:HGNC Symbol;Acc:HGNC:1076],NA,BMP
yes,44,ENSAPLG00020016130,protein_coding,BMP7,bone morphogenetic protein 7 [Source:HGNC Symbol;Acc:HGNC:1074],NA,BMP
no,45,ENSAPLG00020016501,protein_coding,NBL1,"NBL1, DAN family BMP antagonist [Source:HGNC Symbol;Acc:HGNC:7650]",NA,BMP
no,46,ENSAPLG00020016787,protein_coding,BMPER,BMP binding endothelial regulator [Source:HGNC Symbol;Acc:HGNC:24154],NA,BMP
yes,47,ENSAPLG00020017052,protein_coding,BRINP1,BMP/retinoic acid inducible neural specific 1 [Source:NCBI gene;Acc:101792314],101792314,BMP
yes,48,ENSAPLG00020017380,protein_coding,BRINP2,BMP/retinoic acid inducible neural specific 2 [Source:NCBI gene;Acc:101798618],101798618,BMP
yes,49,ENSAPLG00020017439,protein_coding,BMP4,bone morphogenetic protein 4 [Source:NCBI gene;Acc:101803077],101803077,BMP
no,50,ENSAPLG00020017561,protein_coding,GREM1,"gremlin 1, DAN family BMP antagonist [Source:NCBI gene;Acc:101789702]",101789702,BMP
yes,51,ENSAPLG00020017772,protein_coding,BMP15,bone morphogenetic protein 15 [Source:HGNC Symbol;Acc:HGNC:1068],NA,BMP
no,52,ENSAPLG00020008818,protein_coding,SCAMP3,secretory carrier membrane protein 3 [Source:HGNC Symbol;Acc:HGNC:10565],NA,CAMP
no,53,ENSAPLG00020014980,protein_coding,SCAMP4,secretory carrier membrane protein 4 [Source:HGNC Symbol;Acc:HGNC:30385],NA,CAMP
no,54,ENSAPLG00020016246,protein_coding,SCAMP2,secretory carrier membrane protein 2 [Source:HGNC Symbol;Acc:HGNC:10564],NA,CAMP
no,55,ENSAPLG00020016254,protein_coding,SCAMP5,secretory carrier membrane protein 5 [Source:HGNC Symbol;Acc:HGNC:30386],NA,CAMP
no,56,ENSAPLG00020004866,protein_coding,DCBLD2,"discoidin, CUB and LCCL domain containing 2 [Source:HGNC Symbol;Acc:HGNC:24627]",NA,CCL
no,57,ENSAPLG00020007124,protein_coding,CRISPLD1,cysteine rich secretory protein LCCL domain containing 1 [Source:HGNC Symbol;Acc:HGNC:18206],NA,CCL
no,58,ENSAPLG00020012676,protein_coding,CRISPLD2,cysteine rich secretory protein LCCL domain containing 2 [Source:HGNC Symbol;Acc:HGNC:25248],NA,CCL
no,59,ENSAPLG00020013211,protein_coding,DCBLD1,"discoidin, CUB and LCCL domain containing 1 [Source:HGNC Symbol;Acc:HGNC:21479]",NA,CCL
yes,60,ENSAPLG00020016374,protein_coding,CCL5,C-C motif chemokine ligand 5 [Source:HGNC Symbol;Acc:HGNC:10632],NA,CCL
yes,61,ENSAPLG00020000216,protein_coding,CCR6,C-C motif chemokine receptor 6 [Source:NCBI gene;Acc:101797063],101797063,CCR
yes,62,ENSAPLG00020001936,protein_coding,CNOT11,CCR4-NOT transcription complex subunit 11 [Source:NCBI gene;Acc:101799099],101799099,CCR
yes,63,ENSAPLG00020004290,protein_coding,CNOT4,CCR4-NOT transcription complex subunit 4 [Source:NCBI gene;Acc:101802687],101802687,CCR
yes,64,ENSAPLG00020004374,protein_coding,CNOT9,CCR4-NOT transcription complex subunit 9 [Source:HGNC Symbol;Acc:HGNC:10445],NA,CCR
yes,65,ENSAPLG00020005215,protein_coding,CNOT6L,CCR4-NOT transcription complex subunit 6 like [Source:HGNC Symbol;Acc:HGNC:18042],NA,CCR
yes,66,ENSAPLG00020006310,protein_coding,CCR10,C-C motif chemokine receptor 10 [Source:HGNC Symbol;Acc:HGNC:4474],NA,CCR
yes,67,ENSAPLG00020006604,protein_coding,CNOT7,CCR4-NOT transcription complex subunit 7 [Source:HGNC Symbol;Acc:HGNC:14101],NA,CCR
yes,68,ENSAPLG00020006805,protein_coding,CCR9,C-C motif chemokine receptor 9 [Source:HGNC Symbol;Acc:HGNC:1610],NA,CCR
yes,69,ENSAPLG00020007640,protein_coding,CNOT8,CCR4-NOT transcription complex subunit 8 [Source:NCBI gene;Acc:101803328],101803328,CCR
yes,70,ENSAPLG00020011839,protein_coding,CNOT2,CCR4-NOT transcription complex subunit 2 [Source:NCBI gene;Acc:101791062],101791062,CCR
yes,71,ENSAPLG00020014769,protein_coding,CNOT10,CCR4-NOT transcription complex subunit 10 [Source:NCBI gene;Acc:101797115],101797115,CCR
yes,72,ENSAPLG00020016862,protein_coding,CNOT1,CCR4-NOT transcription complex subunit 1 [Source:HGNC Symbol;Acc:HGNC:7877],NA,CCR
yes,73,ENSAPLG00020017702,protein_coding,CNOT6,CCR4-NOT transcription complex subunit 6 [Source:HGNC Symbol;Acc:HGNC:14099],NA,CCR
yes,74,ENSAPLG00020018134,protein_coding,CCR7,C-C motif chemokine receptor 7 [Source:HGNC Symbol;Acc:HGNC:1608],NA,CCR
yes,75,ENSAPLG00020015305,protein_coding,CD3E,CD3e molecule [Source:HGNC Symbol;Acc:HGNC:1674],NA,CD3E
no,76,ENSAPLG00020004323,protein_coding,PLCD4,phospholipase C delta 4 [Source:HGNC Symbol;Acc:HGNC:9062],NA,CD4
no,77,ENSAPLG00020008070,protein_coding,C2CD4C,C2 calcium dependent domain containing 4C [Source:HGNC Symbol;Acc:HGNC:29417],NA,CD4
no,78,ENSAPLG00020008132,protein_coding,PDCD4,programmed cell death 4 [Source:HGNC Symbol;Acc:HGNC:8763],NA,CD4
yes,79,ENSAPLG00020008420,protein_coding,CD40,CD40 molecule [Source:HGNC Symbol;Acc:HGNC:11919],NA,CD4
no,80,ENSAPLG00020008424,protein_coding,HACD4,3-hydroxyacyl-CoA dehydratase 4 [Source:NCBI gene;Acc:101799288],101799288,CD4
yes,81,ENSAPLG00020009968,protein_coding,NA,CD40 ligand [Source:NCBI gene;Acc:101789598],101789598,CD4
yes,82,ENSAPLG00020010596,protein_coding,CD47,CD47 molecule [Source:HGNC Symbol;Acc:HGNC:1682],NA,CD4
no,83,ENSAPLG00020012803,protein_coding,ABCD4,ATP binding cassette subfamily D member 4 [Source:HGNC Symbol;Acc:HGNC:68],NA,CD4
yes,84,ENSAPLG00020002926,protein_coding,PCDHAC1,"protocadherin alpha subfamily C, 1 [Source:HGNC Symbol;Acc:HGNC:8676]",NA,CDH
yes,85,ENSAPLG00020002994,protein_coding,PCDH10,protocadherin 10 [Source:HGNC Symbol;Acc:HGNC:13404],NA,CDH
yes,86,ENSAPLG00020005063,protein_coding,CDH2,cadherin 2 [Source:HGNC Symbol;Acc:HGNC:1759],NA,CDH
yes,87,ENSAPLG00020005559,protein_coding,CDH26,cadherin 26 [Source:HGNC Symbol;Acc:HGNC:15902],NA,CDH
yes,88,ENSAPLG00020005609,protein_coding,CDH4,cadherin 4 [Source:HGNC Symbol;Acc:HGNC:1763],NA,CDH
yes,89,ENSAPLG00020006064,protein_coding,CDH17,cadherin 17 [Source:HGNC Symbol;Acc:HGNC:1756],NA,CDH
yes,90,ENSAPLG00020006404,protein_coding,CDH15,cadherin 15 [Source:HGNC Symbol;Acc:HGNC:1754],NA,CDH
yes,91,ENSAPLG00020007145,protein_coding,PCDH15,protocadherin related 15 [Source:HGNC Symbol;Acc:HGNC:14674],NA,CDH
yes,92,ENSAPLG00020007176,protein_coding,CDH7,cadherin 7 [Source:HGNC Symbol;Acc:HGNC:1766],NA,CDH
yes,93,ENSAPLG00020007187,protein_coding,CDH19,cadherin 19 [Source:HGNC Symbol;Acc:HGNC:1758],NA,CDH
yes,94,ENSAPLG00020007744,protein_coding,CDH1,cadherin 1 [Source:HGNC Symbol;Acc:HGNC:1748],NA,CDH
yes,95,ENSAPLG00020008495,protein_coding,CDH22,cadherin 22 [Source:NCBI gene;Acc:101791798],101791798,CDH
yes,96,ENSAPLG00020009518,protein_coding,PCDH8,protocadherin 8 [Source:HGNC Symbol;Acc:HGNC:8660],NA,CDH
yes,97,ENSAPLG00020009591,protein_coding,PCDH19,protocadherin 19 [Source:HGNC Symbol;Acc:HGNC:14270],NA,CDH
yes,98,ENSAPLG00020009847,protein_coding,CDH5,cadherin 5 [Source:NCBI gene;Acc:101793216],101793216,CDH
yes,99,ENSAPLG00020009851,protein_coding,CDH11,cadherin 11 [Source:NCBI gene;Acc:101793771],101793771,CDH
yes,100,ENSAPLG00020009858,protein_coding,CDH8,cadherin 8 [Source:HGNC Symbol;Acc:HGNC:1767],NA,CDH
yes,101,ENSAPLG00020010165,protein_coding,CDH13,cadherin 13 [Source:HGNC Symbol;Acc:HGNC:1753],NA,CDH
yes,102,ENSAPLG00020011117,protein_coding,CDH23,cadherin related 23 [Source:HGNC Symbol;Acc:HGNC:13733],NA,CDH
yes,103,ENSAPLG00020011388,protein_coding,CDH20,cadherin 20 [Source:NCBI gene;Acc:101799811],101799811,CDH
yes,104,ENSAPLG00020011429,protein_coding,CDH6,cadherin-6 [Source:NCBI gene;Acc:101793646],101793646,CDH
yes,105,ENSAPLG00020011433,protein_coding,CDH9,cadherin 9 [Source:NCBI gene;Acc:101792226],101792226,CDH
yes,106,ENSAPLG00020011438,protein_coding,CDH10,cadherin 10 [Source:HGNC Symbol;Acc:HGNC:1749],NA,CDH
yes,107,ENSAPLG00020011454,protein_coding,CDH18,cadherin 18 [Source:HGNC Symbol;Acc:HGNC:1757],NA,CDH
yes,108,ENSAPLG00020013296,protein_coding,PCDHAC2,"protocadherin alpha subfamily C, 2 [Source:HGNC Symbol;Acc:HGNC:8677]",NA,CDH
yes,109,ENSAPLG00020013920,protein_coding,PCDH17,protocadherin 17 [Source:HGNC Symbol;Acc:HGNC:14267],NA,CDH
yes,110,ENSAPLG00020014392,protein_coding,CDHR1,cadherin related family member 1 [Source:NCBI gene;Acc:101793306],101793306,CDH
yes,111,ENSAPLG00020015753,protein_coding,PCDH7,protocadherin 7 [Source:HGNC Symbol;Acc:HGNC:8659],NA,CDH
no,112,ENSAPLG00020000108,protein_coding,CSF2RB,colony stimulating factor 2 receptor subunit beta [Source:HGNC Symbol;Acc:HGNC:2436],NA,CSF
no,113,ENSAPLG00020005655,protein_coding,ACSF2,acyl-CoA synthetase family member 2 [Source:HGNC Symbol;Acc:HGNC:26101],NA,CSF
no,114,ENSAPLG00020006386,protein_coding,ACSF3,acyl-CoA synthetase family member 3 [Source:HGNC Symbol;Acc:HGNC:27288],NA,CSF
no,115,ENSAPLG00020017766,protein_coding,CSF1R,colony stimulating factor 1 receptor [Source:HGNC Symbol;Acc:HGNC:2433],NA,CSF
no,116,ENSAPLG00020018078,protein_coding,CSF3,colony stimulating factor 3 [Source:HGNC Symbol;Acc:HGNC:2438],NA,CSF
yes,117,ENSAPLG00020015988,protein_coding,CX3CR1,C-X3-C motif chemokine receptor 1 [Source:NCBI gene;Acc:101794421],101794421,CX3
yes,118,ENSAPLG00020013901,protein_coding,CXCR4,C-X-C motif chemokine receptor 4 [Source:HGNC Symbol;Acc:HGNC:2561],NA,CXCR4
no,119,ENSAPLG00020000938,protein_coding,DBI,"diazepam binding inhibitor, acyl-CoA binding protein [Source:HGNC Symbol;Acc:HGNC:2690]",NA,DB
no,120,ENSAPLG00020001172,protein_coding,SETDB2,SET domain bifurcated histone lysine methyltransferase 2 [Source:HGNC Symbol;Acc:HGNC:20263],NA,DB
no,121,ENSAPLG00020001496,protein_coding,DBR1,debranching RNA lariats 1 [Source:NCBI gene;Acc:101795594],101795594,DB
no,122,ENSAPLG00020001806,protein_coding,DCAF13,DDB1 and CUL4 associated factor 13 [Source:NCBI gene;Acc:101797214],101797214,DB
no,123,ENSAPLG00020001969,protein_coding,DDB2,damage specific DNA binding protein 2 [Source:HGNC Symbol;Acc:HGNC:2718],NA,DB
no,124,ENSAPLG00020002581,protein_coding,NA,DBF4 zinc finger B [Source:NCBI gene;Acc:101803862],101803862,DB
no,125,ENSAPLG00020003055,protein_coding,DDB1,damage specific DNA binding protein 1 [Source:HGNC Symbol;Acc:HGNC:2717],NA,DB
no,126,ENSAPLG00020003699,protein_coding,DBH,dopamine beta-hydroxylase [Source:HGNC Symbol;Acc:HGNC:2689],NA,DB
no,127,ENSAPLG00020004448,protein_coding,DCAF5,DDB1 and CUL4 associated factor 5 [Source:NCBI gene;Acc:101795661],101795661,DB
no,128,ENSAPLG00020005429,protein_coding,DBN1,drebrin 1 [Source:HGNC Symbol;Acc:HGNC:2695],NA,DB
no,129,ENSAPLG00020005895,protein_coding,LDB1,LIM domain binding 1 [Source:HGNC Symbol;Acc:HGNC:6532],NA,DB
no,130,ENSAPLG00020006197,protein_coding,DBX1,developing brain homeobox 1 [Source:HGNC Symbol;Acc:HGNC:33185],NA,DB
no,131,ENSAPLG00020006639,protein_coding,DBX2,developing brain homeobox 2 [Source:HGNC Symbol;Acc:HGNC:33186],NA,DB
no,132,ENSAPLG00020006832,protein_coding,MOXD1,monooxygenase DBH like 1 [Source:HGNC Symbol;Acc:HGNC:21063],NA,DB
no,133,ENSAPLG00020007458,protein_coding,DBNL,drebrin like [Source:HGNC Symbol;Acc:HGNC:2696],NA,DB
no,134,ENSAPLG00020007655,protein_coding,DBNDD1,dysbindin domain containing 1 [Source:HGNC Symbol;Acc:HGNC:28455],NA,DB
no,135,ENSAPLG00020007661,protein_coding,DCAF10,DDB1 and CUL4 associated factor 10 [Source:HGNC Symbol;Acc:HGNC:23686],NA,DB
no,136,ENSAPLG00020008544,protein_coding,DCAF17,DDB1 and CUL4 associated factor 17 [Source:NCBI gene;Acc:101792823],101792823,DB
no,137,ENSAPLG00020009866,protein_coding,DCAF7,DDB1 and CUL4 associated factor 7 [Source:HGNC Symbol;Acc:HGNC:30915],NA,DB
no,138,ENSAPLG00020010250,protein_coding,STRADB,STE20 related adaptor beta [Source:NCBI gene;Acc:101798553],101798553,DB
no,139,ENSAPLG00020010848,protein_coding,PHLDB2,pleckstrin homology like domain family B member 2 [Source:HGNC Symbol;Acc:HGNC:29573],NA,DB
no,140,ENSAPLG00020011275,protein_coding,SETDB1,SET domain bifurcated histone lysine methyltransferase 1 [Source:HGNC Symbol;Acc:HGNC:10761],NA,DB
no,141,ENSAPLG00020011950,protein_coding,DBF4,DBF4 zinc finger [Source:NCBI gene;Acc:101796940],101796940,DB
no,142,ENSAPLG00020012715,protein_coding,NA,putative DBH-like monooxygenase protein 2 [Source:NCBI gene;Acc:101794052],101794052,DB
no,143,ENSAPLG00020012878,protein_coding,TARDBP,TAR DNA binding protein [Source:HGNC Symbol;Acc:HGNC:11571],NA,DB
no,144,ENSAPLG00020013727,protein_coding,DBNDD2,dysbindin domain containing 2 [Source:HGNC Symbol;Acc:HGNC:15881],NA,DB
no,145,ENSAPLG00020014682,protein_coding,LDB3,LIM domain binding 3 [Source:NCBI gene;Acc:101799261],101799261,DB
no,146,ENSAPLG00020015497,protein_coding,DCAF6,DDB1 and CUL4 associated factor 6 [Source:HGNC Symbol;Acc:HGNC:30002],NA,DB
no,147,ENSAPLG00020015791,protein_coding,DCAF1,DDB1 and CUL4 associated factor 1 [Source:HGNC Symbol;Acc:HGNC:30911],NA,DB
no,148,ENSAPLG00020015934,protein_coding,LDB2,LIM domain binding 2 [Source:NCBI gene;Acc:101800686],101800686,DB
no,149,ENSAPLG00020015959,protein_coding,DBT,dihydrolipoamide branched chain transacylase E2 [Source:HGNC Symbol;Acc:HGNC:2698],NA,DB
no,150,ENSAPLG00020016959,protein_coding,PHLDB1,pleckstrin homology like domain family B member 1 [Source:HGNC Symbol;Acc:HGNC:23697],NA,DB
no,151,ENSAPLG00020018295,protein_coding,DCAF12,DDB1 and CUL4 associated factor 12 [Source:HGNC Symbol;Acc:HGNC:19911],NA,DB
yes,152,ENSAPLG00020009564,protein_coding,DDX58,DExD/H-box helicase 58 [Source:HGNC Symbol;Acc:HGNC:19102],NA,DDX58
no,153,ENSAPLG00020003416,protein_coding,DHX29,DExH-box helicase 29 [Source:HGNC Symbol;Acc:HGNC:15815],NA,DHX
no,154,ENSAPLG00020004701,protein_coding,DHX34,DExH-box helicase 34 [Source:HGNC Symbol;Acc:HGNC:16719],NA,DHX
no,155,ENSAPLG00020006135,protein_coding,PDHX,pyruvate dehydrogenase complex component X [Source:HGNC Symbol;Acc:HGNC:21350],NA,DHX
no,156,ENSAPLG00020006543,protein_coding,DHX33,DEAH-box helicase 33 [Source:HGNC Symbol;Acc:HGNC:16718],NA,DHX
no,157,ENSAPLG00020008713,protein_coding,DHX38,DEAH-box helicase 38 [Source:NCBI gene;Acc:101792737],101792737,DHX
no,158,ENSAPLG00020009043,protein_coding,DHX57,DExH-box helicase 57 [Source:NCBI gene;Acc:101797301],101797301,DHX
no,159,ENSAPLG00020009366,protein_coding,DHX8,DEAH-box helicase 8 [Source:HGNC Symbol;Acc:HGNC:2749],NA,DHX
no,160,ENSAPLG00020009825,protein_coding,DHX30,DExH-box helicase 30 [Source:HGNC Symbol;Acc:HGNC:16716],NA,DHX
no,161,ENSAPLG00020011784,protein_coding,DHX37,DEAH-box helicase 37 [Source:NCBI gene;Acc:101803600],101803600,DHX
no,162,ENSAPLG00020013638,protein_coding,DHX35,DEAH-box helicase 35 [Source:HGNC Symbol;Acc:HGNC:15861],NA,DHX
no,163,ENSAPLG00020015158,protein_coding,DHX36,DEAH-box helicase 36 [Source:HGNC Symbol;Acc:HGNC:14410],NA,DHX
no,164,ENSAPLG00020015893,protein_coding,DHX15,DEAH-box helicase 15 [Source:NCBI gene;Acc:101794170],101794170,DHX
no,165,ENSAPLG00020016983,protein_coding,DHX40,DEAH-box helicase 40 [Source:HGNC Symbol;Acc:HGNC:18018],NA,DHX
no,166,ENSAPLG00020017828,protein_coding,DHX32,DEAH-box helicase 32 (putative) [Source:HGNC Symbol;Acc:HGNC:16717],NA,DHX
yes,167,ENSAPLG00020018208,protein_coding,DHX58,DExH-box helicase 58 [Source:HGNC Symbol;Acc:HGNC:29517],NA,DHX
yes,168,ENSAPLG00020003867,protein_coding,HLA-DRA,"major histocompatibility complex, class II, DR alpha [Source:HGNC Symbol;Acc:HGNC:4947]",NA,DRA
no,169,ENSAPLG00020005713,protein_coding,ADRA1D,adrenoceptor alpha 1D [Source:HGNC Symbol;Acc:HGNC:280],NA,DRA
no,170,ENSAPLG00020007601,protein_coding,ADRA2B,adrenoceptor alpha 2B [Source:HGNC Symbol;Acc:HGNC:282],NA,DRA
no,171,ENSAPLG00020008105,protein_coding,ADRA2A,adrenoceptor alpha 2A [Source:HGNC Symbol;Acc:HGNC:281],NA,DRA
no,172,ENSAPLG00020010502,protein_coding,ADRA2C,adrenoceptor alpha 2C [Source:NCBI gene;Acc:101790023],101790023,DRA
no,173,ENSAPLG00020012829,protein_coding,DRAXIN,dorsal inhibitory axon guidance protein [Source:HGNC Symbol;Acc:HGNC:25054],NA,DRA
no,174,ENSAPLG00020015619,protein_coding,ADRA1B,adrenoceptor alpha 1B [Source:NCBI gene;Acc:101800019],101800019,DRA
no,175,ENSAPLG00020016938,protein_coding,DRAM2,DNA damage regulated autophagy modulator 2 [Source:NCBI gene;Acc:101802446],101802446,DRA
no,176,ENSAPLG00020018125,protein_coding,DRAM1,DNA damage regulated autophagy modulator 1 [Source:NCBI gene;Acc:101793314],101793314,DRA
yes,177,ENSAPLG00020002816,protein_coding,EFNA5,ephrin A5 [Source:NCBI gene;Acc:101799518],101799518,EFNA
yes,178,ENSAPLG00020008906,protein_coding,EFNA2,ephrin A2 [Source:NCBI gene;Acc:113845624],113845624,EFNA
yes,179,ENSAPLG00020009763,protein_coding,EFNA1,ephrin A1 [Source:HGNC Symbol;Acc:HGNC:3221],NA,EFNA
yes,180,ENSAPLG00020009768,protein_coding,EFNA4,ephrin A4 [Source:HGNC Symbol;Acc:HGNC:3224],NA,EFNA
yes,181,ENSAPLG00020000156,protein_coding,NA,von Willebrand factor D and EGF domain-containing protein [Source:NCBI gene;Acc:101801254],101801254,EGF
no,182,ENSAPLG00020000994,protein_coding,TIE1,tyrosine kinase with immunoglobulin like and EGF like domains 1 [Source:HGNC Symbol;Acc:HGNC:11809],NA,EGF
no,183,ENSAPLG00020002698,protein_coding,MFGE8,milk fat globule EGF and factor V/VIII domain containing [Source:NCBI gene;Acc:101800839],101800839,EGF
yes,184,ENSAPLG00020002965,protein_coding,VWCE,von Willebrand factor C and EGF domains [Source:HGNC Symbol;Acc:HGNC:26487],NA,EGF
no,185,ENSAPLG00020003409,protein_coding,MEGF10,multiple EGF like domains 10 [Source:HGNC Symbol;Acc:HGNC:29634],NA,EGF
no,186,ENSAPLG00020005043,protein_coding,SCUBE2,"signal peptide, CUB domain and EGF like domain containing 2 [Source:HGNC Symbol;Acc:HGNC:30425]",NA,EGF
yes,187,ENSAPLG00020005603,protein_coding,EGFR,epidermal growth factor receptor [Source:HGNC Symbol;Acc:HGNC:3236],NA,EGF
no,188,ENSAPLG00020006472,protein_coding,SCUBE1,"signal peptide, CUB domain and EGF like domain containing 1 [Source:NCBI gene;Acc:101799522]",101799522,EGF
no,189,ENSAPLG00020006606,protein_coding,NELL2,neural EGFL like 2 [Source:HGNC Symbol;Acc:HGNC:7751],NA,EGF
no,190,ENSAPLG00020007940,protein_coding,SVEP1,"sushi, von Willebrand factor type A, EGF and pentraxin domain containing 1 [Source:NCBI gene;Acc:101804269]",101804269,EGF
no,191,ENSAPLG00020008793,protein_coding,NELL1,neural EGFL like 1 [Source:NCBI gene;Acc:101791606],101791606,EGF
no,192,ENSAPLG00020009049,protein_coding,CCBE1,collagen and calcium binding EGF domains 1 [Source:HGNC Symbol;Acc:HGNC:29426],NA,EGF
no,193,ENSAPLG00020009166,protein_coding,VEGFA,vascular endothelial growth factor A [Source:HGNC Symbol;Acc:HGNC:12680],NA,EGF
no,194,ENSAPLG00020009474,protein_coding,EGFLAM,"EGF like, fibronectin type III and laminin G domains [Source:HGNC Symbol;Acc:HGNC:26810]",NA,EGF
no,195,ENSAPLG00020009637,protein_coding,EDIL3,EGF like repeats and discoidin domains 3 [Source:HGNC Symbol;Acc:HGNC:3173],NA,EGF
no,196,ENSAPLG00020009908,protein_coding,VEGFC,vascular endothelial growth factor C [Source:HGNC Symbol;Acc:HGNC:12682],NA,EGF
no,197,ENSAPLG00020011206,protein_coding,EFEMP1,EGF containing fibulin extracellular matrix protein 1 [Source:NCBI gene;Acc:101795399],101795399,EGF
no,198,ENSAPLG00020013131,protein_coding,HBEGF,heparin binding EGF like growth factor [Source:NCBI gene;Acc:101799901],101799901,EGF
no,199,ENSAPLG00020013391,protein_coding,DNER,delta/notch like EGF repeat containing [Source:HGNC Symbol;Acc:HGNC:24456],NA,EGF
no,200,ENSAPLG00020014015,protein_coding,EGFL7,EGF like domain multiple 7 [Source:HGNC Symbol;Acc:HGNC:20594],NA,EGF
no,201,ENSAPLG00020014081,protein_coding,EOGT,EGF domain specific O-linked N-acetylglucosamine transferase [Source:HGNC Symbol;Acc:HGNC:28526],NA,EGF
no,202,ENSAPLG00020014772,protein_coding,TMEFF2,transmembrane protein with EGF like and two follistatin like domains 2 [Source:NCBI gene;Acc:101797082],101797082,EGF
no,203,ENSAPLG00020015785,protein_coding,SCUBE3,"signal peptide, CUB domain and EGF like domain containing 3 [Source:HGNC Symbol;Acc:HGNC:13655]",NA,EGF
no,204,ENSAPLG00020015871,protein_coding,CRELD2,cysteine rich with EGF like domains 2 [Source:HGNC Symbol;Acc:HGNC:28150],NA,EGF
no,205,ENSAPLG00020016356,protein_coding,MEGF11,multiple EGF like domains 11 [Source:HGNC Symbol;Acc:HGNC:29635],NA,EGF
no,206,ENSAPLG00020016549,protein_coding,VEGFD,vascular endothelial growth factor D [Source:HGNC Symbol;Acc:HGNC:3708],NA,EGF
yes,207,ENSAPLG00020016632,protein_coding,EGFL6,EGF like domain multiple 6 [Source:HGNC Symbol;Acc:HGNC:3235],NA,EGF
no,208,ENSAPLG00020017057,protein_coding,MEGF9,multiple EGF like domains 9 [Source:HGNC Symbol;Acc:HGNC:3234],NA,EGF
no,209,ENSAPLG00020017154,protein_coding,SNED1,"sushi, nidogen and EGF like domains 1 [Source:HGNC Symbol;Acc:HGNC:24696]",NA,EGF
yes,210,ENSAPLG00020017529,protein_coding,EGF,epidermal growth factor [Source:HGNC Symbol;Acc:HGNC:3229],NA,EGF
no,211,ENSAPLG00020000141,protein_coding,CNPY1,canopy FGF signaling regulator 1 [Source:HGNC Symbol;Acc:HGNC:27786],NA,FGF
yes,212,ENSAPLG00020000198,protein_coding,CEP43,FGFR1 oncogene partner [Source:NCBI gene;Acc:101797840],101797840,FGF
yes,213,ENSAPLG00020002578,protein_coding,FGF10,fibroblast growth factor 10 [Source:HGNC Symbol;Acc:HGNC:3666],NA,FGF
yes,214,ENSAPLG00020003640,protein_coding,FGF2,fibroblast growth factor 2 [Source:NCBI gene;Acc:101798064],101798064,FGF
yes,215,ENSAPLG00020004515,protein_coding,FGF7,fibroblast growth factor 7 [Source:NCBI gene;Acc:101795837],101795837,FGF
yes,216,ENSAPLG00020004537,protein_coding,FGF17,fibroblast growth factor 17 [Source:HGNC Symbol;Acc:HGNC:3673],NA,FGF
yes,217,ENSAPLG00020004937,protein_coding,FGF19,fibroblast growth factor 19 [Source:NCBI gene;Acc:101790481],101790481,FGF
yes,218,ENSAPLG00020004948,protein_coding,FGF4,fibroblast growth factor 4 [Source:NCBI gene;Acc:113843807],113843807,FGF
yes,219,ENSAPLG00020004957,protein_coding,FGF3,fibroblast growth factor 3 [Source:NCBI gene;Acc:101790873],101790873,FGF
yes,220,ENSAPLG00020005299,protein_coding,FGF1,fibroblast growth factor 1 [Source:HGNC Symbol;Acc:HGNC:3665],NA,FGF
yes,221,ENSAPLG00020005705,protein_coding,FGF8,fibroblast growth factor 8 [Source:HGNC Symbol;Acc:HGNC:3686],NA,FGF
yes,222,ENSAPLG00020006485,protein_coding,FGF20,fibroblast growth factor 20 [Source:HGNC Symbol;Acc:HGNC:3677],NA,FGF
yes,223,ENSAPLG00020006766,protein_coding,FGF14,fibroblast growth factor 14 [Source:NCBI gene;Acc:101798736],101798736,FGF
yes,224,ENSAPLG00020007069,protein_coding,FGFR1OP2,FGFR1 oncogene partner 2 [Source:HGNC Symbol;Acc:HGNC:23098],NA,FGF
no,225,ENSAPLG00020007800,protein_coding,CNPY3,canopy FGF signaling regulator 3 [Source:HGNC Symbol;Acc:HGNC:11968],NA,FGF
yes,226,ENSAPLG00020008220,protein_coding,FGF9,fibroblast growth factor 9 [Source:NCBI gene;Acc:101793257],101793257,FGF
yes,227,ENSAPLG00020008305,protein_coding,FGF22,fibroblast growth factor 22 [Source:HGNC Symbol;Acc:HGNC:3679],NA,FGF
yes,228,ENSAPLG00020009944,protein_coding,FGF13,fibroblast growth factor 13 [Source:NCBI gene;Acc:101804395],101804395,FGF
yes,229,ENSAPLG00020010006,protein_coding,FGF5,fibroblast growth factor 5 [Source:HGNC Symbol;Acc:HGNC:3683],NA,FGF
yes,230,ENSAPLG00020010103,protein_coding,FGF16,fibroblast growth factor 16 [Source:NCBI gene;Acc:101800554],101800554,FGF
yes,231,ENSAPLG00020010805,protein_coding,FGFR3,fibroblast growth factor receptor 3 [Source:HGNC Symbol;Acc:HGNC:3690],NA,FGF
yes,232,ENSAPLG00020010868,protein_coding,FGFR1,fibroblast growth factor receptor 1 [Source:HGNC Symbol;Acc:HGNC:3688],NA,FGF
yes,233,ENSAPLG00020012088,protein_coding,FGF12,fibroblast growth factor 12 [Source:NCBI gene;Acc:101798106],101798106,FGF
yes,234,ENSAPLG00020012319,protein_coding,FGFRL1,fibroblast growth factor receptor like 1 [Source:NCBI gene;Acc:101803623],101803623,FGF
yes,235,ENSAPLG00020012687,protein_coding,FGF23,fibroblast growth factor 23 [Source:NCBI gene;Acc:101802843],101802843,FGF
yes,236,ENSAPLG00020012689,protein_coding,FGF6,fibroblast growth factor 6 [Source:HGNC Symbol;Acc:HGNC:3684],NA,FGF
yes,237,ENSAPLG00020017536,protein_coding,CEP20,FGFR1OP N-terminal like [Source:HGNC Symbol;Acc:HGNC:26435],NA,FGF
yes,238,ENSAPLG00020017959,protein_coding,FGFR2,fibroblast growth factor receptor 2 [Source:HGNC Symbol;Acc:HGNC:3689],NA,FGF
yes,239,ENSAPLG00020001865,protein_coding,FGL2,fibrinogen like 2 [Source:HGNC Symbol;Acc:HGNC:3696],NA,FGL
yes,240,ENSAPLG00020006729,protein_coding,FGL1,fibrinogen like 1 [Source:NCBI gene;Acc:101803182],101803182,FGL
yes,241,ENSAPLG00020001236,protein_coding,GDF7,growth differentiation factor 7 [Source:HGNC Symbol;Acc:HGNC:4222],NA,GDF
yes,242,ENSAPLG00020002575,protein_coding,GDF5,growth differentiation factor 5 [Source:NCBI gene;Acc:101805266],101805266,GDF
yes,243,ENSAPLG00020004366,protein_coding,GDF6,growth differentiation factor 6 [Source:NCBI gene;Acc:106020640],106020640,GDF
yes,244,ENSAPLG00020005989,protein_coding,GDF9,growth differentiation factor 9 [Source:HGNC Symbol;Acc:HGNC:4224],NA,GDF
yes,245,ENSAPLG00020013480,protein_coding,GDF10,growth differentiation factor 10 [Source:HGNC Symbol;Acc:HGNC:4215],NA,GDF
yes,246,ENSAPLG00020013481,protein_coding,GDF2,growth differentiation factor 2 [Source:NCBI gene;Acc:101794255],101794255,GDF
yes,247,ENSAPLG00020013705,protein_coding,GDF11,growth differentiation factor 11 [Source:HGNC Symbol;Acc:HGNC:4216],NA,GDF
yes,248,ENSAPLG00020010510,protein_coding,HGFAC,HGF activator [Source:HGNC Symbol;Acc:HGNC:4894],NA,HGF
yes,249,ENSAPLG00020006142,protein_coding,HSP90AA1,heat shock protein 90 alpha family class A member 1 [Source:NCBI gene;Acc:101800442],101800442,HSP90
yes,250,ENSAPLG00020006940,protein_coding,AHSA1,activator of HSP90 ATPase activity 1 [Source:HGNC Symbol;Acc:HGNC:1189],NA,HSP90
yes,251,ENSAPLG00020018071,protein_coding,HSP90B1,heat shock protein 90 beta family member 1 [Source:HGNC Symbol;Acc:HGNC:12028],NA,HSP90
yes,252,ENSAPLG00020017970,protein_coding,NA,"Anas platyrhynchos interferon induced with helicase C domain 1 (IFIH1), mRNA. [Source:RefSeq mRNA;Acc:NM_001310811]",101800076,IFIH1
yes,253,ENSAPLG00020001827,protein_coding,IFNAR1,interferon alpha and beta receptor subunit 1 [Source:HGNC Symbol;Acc:HGNC:5432],NA,IFN
yes,254,ENSAPLG00020001820,protein_coding,NA,"Anas platyrhynchos interleukin 10 receptor subunit beta (IL10RB), mRNA. [Source:RefSeq mRNA;Acc:NM_001310411]",101804501,IL10
yes,255,ENSAPLG00020015312,protein_coding,IL10RA,interleukin 10 receptor subunit alpha [Source:HGNC Symbol;Acc:HGNC:5964],NA,IL10
yes,256,ENSAPLG00020006312,protein_coding,IL12A,interleukin 12A [Source:HGNC Symbol;Acc:HGNC:5969],NA,IL12
yes,257,ENSAPLG00020015620,protein_coding,IL12B,interleukin 12B [Source:HGNC Symbol;Acc:HGNC:5970],NA,IL12
yes,258,ENSAPLG00020001616,protein_coding,NA,"Anas platyrhynchos interleukin 17A (IL17A), mRNA. [Source:RefSeq mRNA;Acc:NM_001310350]",101795384,IL17
yes,259,ENSAPLG00020002182,protein_coding,IL17RD,interleukin 17 receptor D [Source:HGNC Symbol;Acc:HGNC:17616],NA,IL17
yes,260,ENSAPLG00020002359,protein_coding,IL17B,interleukin 17B [Source:HGNC Symbol;Acc:HGNC:5982],NA,IL17
yes,261,ENSAPLG00020005303,protein_coding,IL17C,interleukin 17C [Source:HGNC Symbol;Acc:HGNC:5983],NA,IL17
yes,262,ENSAPLG00020008431,protein_coding,IL17D,interleukin 17D [Source:NCBI gene;Acc:101793918],101793918,IL17
yes,263,ENSAPLG00020013830,protein_coding,IL17RA,interleukin 17 receptor A [Source:HGNC Symbol;Acc:HGNC:5985],NA,IL17
yes,264,ENSAPLG00020015873,protein_coding,IL17REL,interleukin 17 receptor E like [Source:HGNC Symbol;Acc:HGNC:33808],NA,IL17
yes,265,ENSAPLG00020000117,protein_coding,IL18R1,interleukin 18 receptor 1 [Source:HGNC Symbol;Acc:HGNC:5988],NA,IL18
yes,266,ENSAPLG00020000129,protein_coding,IL18RAP,interleukin 18 receptor accessory protein [Source:HGNC Symbol;Acc:HGNC:5989],NA,IL18
yes,267,ENSAPLG00020003019,protein_coding,IL18,interleukin 18 [Source:NCBI gene;Acc:101802715],101802715,IL18
yes,268,ENSAPLG00020010951,protein_coding,IL22,interleukin 22 [Source:HGNC Symbol;Acc:HGNC:14900],NA,IL22
yes,269,ENSAPLG00020013016,protein_coding,IL22RA2,interleukin 22 receptor subunit alpha 2 [Source:HGNC Symbol;Acc:HGNC:14901],NA,IL22
yes,270,ENSAPLG00020001481,protein_coding,IL6,interleukin 6 [Source:HGNC Symbol;Acc:HGNC:6018],NA,IL6
yes,271,ENSAPLG00020003612,protein_coding,IL6ST,interleukin 6 signal transducer [Source:HGNC Symbol;Acc:HGNC:6021],NA,IL6
yes,272,ENSAPLG00020008383,protein_coding,PPIL6,peptidylprolyl isomerase like 6 [Source:HGNC Symbol;Acc:HGNC:21557],NA,IL6
yes,273,ENSAPLG00020009870,protein_coding,IL6R,interleukin 6 receptor [Source:HGNC Symbol;Acc:HGNC:6019],NA,IL6
yes,274,ENSAPLG00020011065,protein_coding,NA,"Anas platyrhynchos interleukin 8 (IL8), mRNA. [Source:RefSeq mRNA;Acc:NM_001310420]",101804010,IL8
yes,275,ENSAPLG00020009624,protein_coding,INHBC,inhibin subunit beta C [Source:HGNC Symbol;Acc:HGNC:6068],NA,INHB
yes,276,ENSAPLG00020013867,protein_coding,INHBB,inhibin subunit beta B [Source:NCBI gene;Acc:101800492],101800492,INHB
yes,277,ENSAPLG00020016943,protein_coding,INHBA,inhibin subunit beta A [Source:NCBI gene;Acc:101795448],101795448,INHB
yes,278,ENSAPLG00020001026,protein_coding,NA,"Anas platyrhynchos interferon-induced GTP-binding protein Mx-like (LOC101793492), mRNA. [Source:RefSeq mRNA;Acc:NM_001310409]",101793492,interferon
yes,279,ENSAPLG00020001159,protein_coding,NA,"Anas platyrhynchos interferon induced transmembrane protein 10 (IFITM10), mRNA. [Source:RefSeq mRNA;Acc:NM_001310795]",101798748,interferon
yes,280,ENSAPLG00020001859,protein_coding,NA,"Anas platyrhynchos interferon-induced transmembrane protein 1 (IFITM1), mRNA. [Source:RefSeq mRNA;Acc:NM_001310823]",101791431,interferon
yes,281,ENSAPLG00020001863,protein_coding,NA,interferon-induced transmembrane protein 2 [Source:NCBI gene;Acc:106014264],106014264,interferon
yes,282,ENSAPLG00020001869,protein_coding,NA,"Anas platyrhynchos interferon induced transmembrane protein 5 (IFITM5), mRNA. [Source:RefSeq mRNA;Acc:NM_001310780]",101795624,interferon
yes,283,ENSAPLG00020002784,protein_coding,ISG20,interferon stimulated exonuclease gene 20 [Source:HGNC Symbol;Acc:HGNC:6130],NA,interferon
yes,284,ENSAPLG00020004382,protein_coding,NA,interferon related developmental regulator 1 [Source:NCBI gene;Acc:101804431],101804431,interferon
yes,285,ENSAPLG00020006342,protein_coding,IRF1,interferon regulatory factor 1 [Source:NCBI gene;Acc:101799633],101799633,interferon
yes,286,ENSAPLG00020007992,protein_coding,IRF2,interferon regulatory factor 2 [Source:NCBI gene;Acc:101789879],101789879,interferon
yes,287,ENSAPLG00020008828,protein_coding,NA,interferon alpha-inducible protein 27-like protein 2B [Source:NCBI gene;Acc:101794704],101794704,interferon
yes,288,ENSAPLG00020009305,protein_coding,IFI35,interferon-induced 35 kDa protein [Source:NCBI gene;Acc:101791120],101791120,interferon
yes,289,ENSAPLG00020010387,protein_coding,IRF4,interferon regulatory factor 4 [Source:HGNC Symbol;Acc:HGNC:6119],NA,interferon
yes,290,ENSAPLG00020010948,protein_coding,NA,interferon gamma [Source:NCBI gene;Acc:101790439],101790439,interferon
yes,291,ENSAPLG00020011638,protein_coding,IRF2BPL,interferon regulatory factor 2 binding protein like [Source:HGNC Symbol;Acc:HGNC:14282],NA,interferon
yes,292,ENSAPLG00020012441,protein_coding,IRF6,interferon regulatory factor 6 [Source:HGNC Symbol;Acc:HGNC:6121],NA,interferon
yes,293,ENSAPLG00020012695,protein_coding,IRF8,interferon regulatory factor 8 [Source:HGNC Symbol;Acc:HGNC:5358],NA,interferon
yes,294,ENSAPLG00020013150,protein_coding,STING1,stimulator of interferon response cGAMP interactor 1 [Source:HGNC Symbol;Acc:HGNC:27962],NA,interferon
yes,295,ENSAPLG00020013433,protein_coding,NA,interferon-induced protein with tetratricopeptide repeats 5 [Source:NCBI gene;Acc:101797569],101797569,interferon
yes,296,ENSAPLG00020017787,protein_coding,IRF2BP2,interferon regulatory factor 2 binding protein 2 [Source:HGNC Symbol;Acc:HGNC:21729],NA,interferon
yes,297,ENSAPLG00020017834,protein_coding,NA,interferon lambda-3-like [Source:NCBI gene;Acc:101795406],101795406,interferon
yes,298,ENSAPLG00020018285,protein_coding,NA,"Anas platyrhynchos interferon-like (LOC101796052), mRNA. [Source:RefSeq mRNA;Acc:NM_001310827]",101796052,interferon
yes,299,ENSAPLG00020018289,protein_coding,NA,interferon [Source:NCBI gene;Acc:113840163],113840163,interferon
yes,300,ENSAPLG00020018290,protein_coding,NA,interferon [Source:NCBI gene;Acc:113840163],113840163,interferon
yes,301,ENSAPLG00020018291,protein_coding,NA,interferon-like [Source:NCBI gene;Acc:113840164],113840164,interferon
yes,302,ENSAPLG00020001468,protein_coding,LEPROTL1,leptin receptor overlapping transcript like 1 [Source:NCBI gene;Acc:101792853],101792853,LEP
yes,303,ENSAPLG00020017464,protein_coding,LEPROT,leptin receptor overlapping transcript [Source:NCBI gene;Acc:101803399],101803399,LEP
yes,304,ENSAPLG00020017465,protein_coding,LEPR,leptin receptor [Source:HGNC Symbol;Acc:HGNC:6554],NA,LEP
yes,305,ENSAPLG00020009045,protein_coding,LIF,LIF interleukin 6 family cytokine [Source:HGNC Symbol;Acc:HGNC:6596],NA,LIF
yes,306,ENSAPLG00020009484,protein_coding,LIFR,LIF receptor alpha [Source:NCBI gene;Acc:101802159],101802159,LIF
yes,307,ENSAPLG00020011294,protein_coding,LITAF,lipopolysaccharide induced TNF factor [Source:NCBI gene;Acc:101800838],101800838,LITAF
yes,308,ENSAPLG00020015160,protein_coding,MSTN,myostatin [Source:NCBI gene;Acc:101800742],101800742,MSTN
yes,309,ENSAPLG00020000392,protein_coding,MXRA5,matrix remodeling associated 5 [Source:HGNC Symbol;Acc:HGNC:7539],NA,MX
no,310,ENSAPLG00020001382,protein_coding,LMX1A,LIM homeobox transcription factor 1 alpha [Source:HGNC Symbol;Acc:HGNC:6653],NA,MX
no,311,ENSAPLG00020002521,protein_coding,DMXL2,Dmx like 2 [Source:HGNC Symbol;Acc:HGNC:2938],NA,MX
no,312,ENSAPLG00020003400,protein_coding,LMX1B,LIM homeobox transcription factor 1 beta [Source:HGNC Symbol;Acc:HGNC:6654],NA,MX
no,313,ENSAPLG00020004111,protein_coding,DMXL1,Dmx like 1 [Source:HGNC Symbol;Acc:HGNC:2937],NA,MX
no,314,ENSAPLG00020005908,protein_coding,EMX2,empty spiracles homeobox 2 [Source:NCBI gene;Acc:101804460],101804460,MX
no,315,ENSAPLG00020008275,protein_coding,MXI1,"MAX interactor 1, dimerization protein [Source:NCBI gene;Acc:101805377]",101805377,MX
no,316,ENSAPLG00020010433,protein_coding,TMX4,thioredoxin related transmembrane protein 4 [Source:NCBI gene;Acc:101790778],101790778,MX
no,317,ENSAPLG00020010679,protein_coding,MXD4,MAX dimerization protein 4 [Source:NCBI gene;Acc:101789466],101789466,MX
no,318,ENSAPLG00020014459,protein_coding,MXD3,MAX dimerization protein 3 [Source:HGNC Symbol;Acc:HGNC:14008],NA,MX
yes,319,ENSAPLG00020016546,protein_coding,BMX,BMX non-receptor tyrosine kinase [Source:HGNC Symbol;Acc:HGNC:1079],NA,MX
no,320,ENSAPLG00020017122,protein_coding,MXD1,MAX dimerization protein 1 [Source:HGNC Symbol;Acc:HGNC:6761],NA,MX
no,321,ENSAPLG00020017336,protein_coding,TMX1,thioredoxin related transmembrane protein 1 [Source:HGNC Symbol;Acc:HGNC:15487],NA,MX
no,322,ENSAPLG00020017916,protein_coding,HMX2,H6 family homeobox 2 [Source:HGNC Symbol;Acc:HGNC:5018],NA,MX
no,323,ENSAPLG00020017918,protein_coding,HMX3,H6 family homeobox 3 [Source:NCBI gene;Acc:101794880],101794880,MX
yes,324,ENSAPLG00020018130,protein_coding,MXRA8,matrix remodeling associated 8 [Source:NCBI gene;Acc:101795693],101795693,MX
yes,325,ENSAPLG00020013095,protein_coding,NFRKB,nuclear factor related to kappaB binding protein [Source:HGNC Symbol;Acc:HGNC:7802],NA,NFRKB
no,326,ENSAPLG00020001237,protein_coding,KCNRG,potassium channel regulator [Source:HGNC Symbol;Acc:HGNC:18893],NA,NRG
yes,327,ENSAPLG00020003855,protein_coding,NRG1,neuregulin 1 [Source:HGNC Symbol;Acc:HGNC:7997],NA,NRG
yes,328,ENSAPLG00020013138,protein_coding,NRG2,neuregulin 2 [Source:NCBI gene;Acc:101799535],101799535,NRG
yes,329,ENSAPLG00020013413,protein_coding,NRGN,neurogranin [Source:HGNC Symbol;Acc:HGNC:8000],NA,NRG
no,330,ENSAPLG00020014186,protein_coding,SYNRG,synergin gamma [Source:HGNC Symbol;Acc:HGNC:557],NA,NRG
yes,331,ENSAPLG00020014387,protein_coding,NRG3,neuregulin 3 [Source:HGNC Symbol;Acc:HGNC:7999],NA,NRG
yes,332,ENSAPLG00020015734,protein_coding,NRG4,neuregulin 4 [Source:HGNC Symbol;Acc:HGNC:29862],NA,NRG
yes,333,ENSAPLG00020015795,protein_coding,OASL,2'-5'-oligoadenylate synthetase like [Source:HGNC Symbol;Acc:HGNC:8090],NA,OASL
yes,334,ENSAPLG00020018200,protein_coding,PARP12,poly [ADP-ribose] polymerase 12 [Source:NCBI gene;Acc:101802866],101802866,PARP12
yes,335,ENSAPLG00020001072,protein_coding,PARP9,poly(ADP-ribose) polymerase family member 9 [Source:HGNC Symbol;Acc:HGNC:24118],NA,PARP9
yes,336,ENSAPLG00020000797,protein_coding,PDGFD,platelet derived growth factor D [Source:HGNC Symbol;Acc:HGNC:30620],NA,PDGFD
yes,337,ENSAPLG00020012730,protein_coding,PGF,placental growth factor [Source:NCBI gene;Acc:101800933],101800933,PGF
yes,338,ENSAPLG00020004970,protein_coding,NA,"Anas platyrhynchos radical S-adenosyl methionine domain containing 2 (RSAD2), mRNA. [Source:RefSeq mRNA;Acc:NM_001310801]",101791352,RSAD2
yes,339,ENSAPLG00020000396,protein_coding,ST6GAL2,"ST6 beta-galactoside alpha-2,6-sialyltransferase 2 [Source:NCBI gene;Acc:101796015]",101796015,sialyltransferase
yes,340,ENSAPLG00020002194,protein_coding,ST6GALNAC4,"ST6 N-acetylgalactosaminide alpha-2,6-sialyltransferase 4 [Source:HGNC Symbol;Acc:HGNC:17846]",NA,sialyltransferase
yes,341,ENSAPLG00020004848,protein_coding,ST3GAL6,"ST3 beta-galactoside alpha-2,3-sialyltransferase 6 [Source:NCBI gene;Acc:101802079]",101802079,sialyltransferase
yes,342,ENSAPLG00020005223,protein_coding,ST8SIA2,"ST8 alpha-N-acetyl-neuraminide alpha-2,8-sialyltransferase 2 [Source:NCBI gene;Acc:101800480]",101800480,sialyltransferase
yes,343,ENSAPLG00020007544,protein_coding,ST8SIA1,"ST8 alpha-N-acetyl-neuraminide alpha-2,8-sialyltransferase 1 [Source:NCBI gene;Acc:101797310]",101797310,sialyltransferase
yes,344,ENSAPLG00020008371,protein_coding,ST8SIA4,"ST8 alpha-N-acetyl-neuraminide alpha-2,8-sialyltransferase 4 [Source:HGNC Symbol;Acc:HGNC:10871]",NA,sialyltransferase
yes,345,ENSAPLG00020009381,protein_coding,ST6GALNAC1,"ST6 N-acetylgalactosaminide alpha-2,6-sialyltransferase 1 [Source:HGNC Symbol;Acc:HGNC:23614]",NA,sialyltransferase
yes,346,ENSAPLG00020009382,protein_coding,ST6GALNAC2,"ST6 N-acetylgalactosaminide alpha-2,6-sialyltransferase 2 [Source:HGNC Symbol;Acc:HGNC:10867]",NA,sialyltransferase
yes,347,ENSAPLG00020012324,protein_coding,ST3GAL5,"ST3 beta-galactoside alpha-2,3-sialyltransferase 5 [Source:NCBI gene;Acc:101803297]",101803297,sialyltransferase
yes,348,ENSAPLG00020013201,protein_coding,ST3GAL1,"ST3 beta-galactoside alpha-2,3-sialyltransferase 1 [Source:NCBI gene;Acc:101790636]",101790636,sialyltransferase
yes,349,ENSAPLG00020013218,protein_coding,ST3GAL4,"ST3 beta-galactoside alpha-2,3-sialyltransferase 4 [Source:HGNC Symbol;Acc:HGNC:10864]",NA,sialyltransferase
yes,350,ENSAPLG00020013774,protein_coding,ST6GAL1,"ST6 beta-galactoside alpha-2,6-sialyltransferase 1 [Source:HGNC Symbol;Acc:HGNC:10860]",NA,sialyltransferase
yes,351,ENSAPLG00020014083,protein_coding,ST6GALNAC5,"ST6 N-acetylgalactosaminide alpha-2,6-sialyltransferase 5 [Source:NCBI gene;Acc:101794977]",101794977,sialyltransferase
yes,352,ENSAPLG00020014087,protein_coding,ST6GALNAC3,"ST6 N-acetylgalactosaminide alpha-2,6-sialyltransferase 3 [Source:HGNC Symbol;Acc:HGNC:19343]",NA,sialyltransferase
yes,353,ENSAPLG00020014943,protein_coding,ST8SIA3,"ST8 alpha-N-acetyl-neuraminide alpha-2,8-sialyltransferase 3 [Source:NCBI gene;Acc:101796406]",101796406,sialyltransferase
yes,354,ENSAPLG00020016068,protein_coding,ST8SIA6,"ST8 alpha-N-acetyl-neuraminide alpha-2,8-sialyltransferase 6 [Source:HGNC Symbol;Acc:HGNC:23317]",NA,sialyltransferase
yes,355,ENSAPLG00020016750,protein_coding,ST3GAL2,"ST3 beta-galactoside alpha-2,3-sialyltransferase 2 [Source:HGNC Symbol;Acc:HGNC:10863]",NA,sialyltransferase
yes,356,ENSAPLG00020017059,protein_coding,ST3GAL3,"ST3 beta-galactoside alpha-2,3-sialyltransferase 3 [Source:NCBI gene;Acc:101804175]",101804175,sialyltransferase
yes,357,ENSAPLG00020018183,protein_coding,ST8SIA5,"ST8 alpha-N-acetyl-neuraminide alpha-2,8-sialyltransferase 5 [Source:NCBI gene;Acc:101792099]",101792099,sialyltransferase
yes,358,ENSAPLG00020000559,protein_coding,SLC35F2,solute carrier family 35 member F2 [Source:HGNC Symbol;Acc:HGNC:23615],NA,SLC35
yes,359,ENSAPLG00020000990,protein_coding,SLC35F4,solute carrier family 35 member F4 [Source:HGNC Symbol;Acc:HGNC:19845],NA,SLC35
yes,360,ENSAPLG00020001559,protein_coding,SLC35G2,solute carrier family 35 member G2 [Source:NCBI gene;Acc:101804280],101804280,SLC35
yes,361,ENSAPLG00020007429,protein_coding,SLC35B1,solute carrier family 35 member B1 [Source:HGNC Symbol;Acc:HGNC:20798],NA,SLC35
yes,362,ENSAPLG00020007514,protein_coding,SLC35E1,solute carrier family 35 member E1 [Source:NCBI gene;Acc:101793243],101793243,SLC35
yes,363,ENSAPLG00020008504,protein_coding,SLC35C2,solute carrier family 35 member C2 [Source:HGNC Symbol;Acc:HGNC:17117],NA,SLC35
yes,364,ENSAPLG00020009048,protein_coding,SLC35B2,solute carrier family 35 member B2 [Source:HGNC Symbol;Acc:HGNC:16872],NA,SLC35
yes,365,ENSAPLG00020011116,protein_coding,SLC35A1,solute carrier family 35 member A1 [Source:HGNC Symbol;Acc:HGNC:11021],NA,SLC35
yes,366,ENSAPLG00020011308,protein_coding,SLC35E3,solute carrier family 35 member E3 [Source:NCBI gene;Acc:101791555],101791555,SLC35
yes,367,ENSAPLG00020011987,protein_coding,SLC35B3,solute carrier family 35 member B3 [Source:HGNC Symbol;Acc:HGNC:21601],NA,SLC35
yes,368,ENSAPLG00020013000,protein_coding,SLC35G1,solute carrier family 35 member G1 [Source:NCBI gene;Acc:101800486],101800486,SLC35
yes,369,ENSAPLG00020013012,protein_coding,SLC35D3,solute carrier family 35 member D3 [Source:HGNC Symbol;Acc:HGNC:15621],NA,SLC35
yes,370,ENSAPLG00020013154,protein_coding,SLC35A4,solute carrier family 35 member A4 [Source:HGNC Symbol;Acc:HGNC:20753],NA,SLC35
yes,371,ENSAPLG00020013228,protein_coding,SLC35F1,solute carrier family 35 member F1 [Source:NCBI gene;Acc:101791350],101791350,SLC35
yes,372,ENSAPLG00020014213,protein_coding,SLC35F5,solute carrier family 35 member F5 [Source:HGNC Symbol;Acc:HGNC:23617],NA,SLC35
yes,373,ENSAPLG00020014954,protein_coding,SLC35C1,solute carrier family 35 member C1 [Source:HGNC Symbol;Acc:HGNC:20197],NA,SLC35
yes,374,ENSAPLG00020015115,protein_coding,SLC35E2B,solute carrier family 35 member E2A [Source:NCBI gene;Acc:101803608],101803608,SLC35
yes,375,ENSAPLG00020015941,protein_coding,SLC35A3,solute carrier family 35 member A3 [Source:NCBI gene;Acc:101794547],101794547,SLC35
yes,376,ENSAPLG00020017485,protein_coding,SLC35D1,solute carrier family 35 member D1 [Source:HGNC Symbol;Acc:HGNC:20800],NA,SLC35
yes,377,ENSAPLG00020017790,protein_coding,SLC35F3,solute carrier family 35 member F3 [Source:NCBI gene;Acc:101803717],101803717,SLC35
yes,378,ENSAPLG00020018235,protein_coding,STAT3,signal transducer and activator of transcription 3 [Source:HGNC Symbol;Acc:HGNC:11364],NA,STAT3
no,379,ENSAPLG00020000625,protein_coding,METAP1,methionyl aminopeptidase 1 [Source:HGNC Symbol;Acc:HGNC:15789],NA,TAP
yes,380,ENSAPLG00020006615,protein_coding,TAP1,"transporter 1, ATP binding cassette subfamily B member [Source:HGNC Symbol;Acc:HGNC:43]",NA,TAP
no,381,ENSAPLG00020006881,protein_coding,IFTAP,intraflagellar transport associated protein [Source:HGNC Symbol;Acc:HGNC:25142],NA,TAP
no,382,ENSAPLG00020008478,protein_coding,METAP1D,"methionyl aminopeptidase type 1D, mitochondrial [Source:HGNC Symbol;Acc:HGNC:32583]",NA,TAP
no,383,ENSAPLG00020013496,protein_coding,WTAP,WT1 associated protein [Source:NCBI gene;Acc:101792369],101792369,TAP
no,384,ENSAPLG00020014249,protein_coding,STAP1,signal transducing adaptor family member 1 [Source:HGNC Symbol;Acc:HGNC:24133],NA,TAP
no,385,ENSAPLG00020015758,protein_coding,METAP2,methionyl aminopeptidase 2 [Source:HGNC Symbol;Acc:HGNC:16672],NA,TAP
no,386,ENSAPLG00020015927,protein_coding,CRTAP,cartilage associated protein [Source:HGNC Symbol;Acc:HGNC:2379],NA,TAP
no,387,ENSAPLG00020015943,protein_coding,TAPT1,transmembrane anterior posterior transformation 1 [Source:HGNC Symbol;Acc:HGNC:26887],NA,TAP
yes,388,ZAP,ZAP,ZAP,ZAP,ZAP,ZAP
yes,389,ENSAPLG00020000244,protein_coding,TGFBRAP1,transforming growth factor beta receptor associated protein 1 [Source:HGNC Symbol;Acc:HGNC:16836],NA,TGFB
yes,390,ENSAPLG00020008330,protein_coding,TGFB2,transforming growth factor beta 2 [Source:HGNC Symbol;Acc:HGNC:11768],NA,TGFB
yes,391,ENSAPLG00020011140,protein_coding,TGFBR3,transforming growth factor beta receptor 3 [Source:HGNC Symbol;Acc:HGNC:11774],NA,TGFB
yes,392,ENSAPLG00020015655,protein_coding,TGFBR2,transforming growth factor beta receptor 2 [Source:NCBI gene;Acc:101794795],101794795,TGFB
yes,393,ENSAPLG00020015962,protein_coding,TGIF2,TGFB induced factor homeobox 2 [Source:HGNC Symbol;Acc:HGNC:15764],NA,TGFB
yes,394,ENSAPLG00020016892,protein_coding,TGIF1,TGFB induced factor homeobox 1 [Source:HGNC Symbol;Acc:HGNC:11776],NA,TGFB
yes,395,ENSAPLG00020016920,protein_coding,TGFBR1,transforming growth factor beta receptor 1 [Source:HGNC Symbol;Acc:HGNC:11772],NA,TGFB
yes,396,ENSAPLG00020017600,protein_coding,TGFBI,transforming growth factor beta induced [Source:NCBI gene;Acc:101796881],101796881,TGFB
yes,397,ENSAPLG00020007205,protein_coding,TLR3,toll like receptor 3 [Source:HGNC Symbol;Acc:HGNC:11849],NA,TLR3
no,398,ENSAPLG00020016055,protein_coding,TRDMT1,tRNA aspartic acid methyltransferase 1 [Source:HGNC Symbol;Acc:HGNC:2977],NA,TRD
yes,399,ENSAPLG00020013450,protein_coding,CXCL12,C-X-C motif chemokine ligand 12 [Source:NCBI gene;Acc:101792342],101792342,XCL1
yes,400,ENSAPLG00020017590,protein_coding,CXCL14,C-X-C motif chemokine ligand 14 [Source:NCBI gene;Acc:101797425],101797425,XCL1
no,401,ENSAPLG00020008985,protein_coding,DAZAP1,DAZ associated protein 1 [Source:HGNC Symbol;Acc:HGNC:2683],NA,ZAP
yes,402,ENSAPLG00020015016,protein_coding,ZAP70,zeta chain of T cell receptor associated protein kinase 70 [Source:HGNC Symbol;Acc:HGNC:12858],NA,ZAP
