bird,sex,group,age,wt_55,Bursa_pool,Ileum_pool,SSgroup.virus.sac,SSgroup.virus.avg,SSgroup.I2.graph,virus.sac,virus.avg,virus.dpi1,virus.dpi2,virus.dpi3,virus.dpi4,virus.dpi5,virus.dpi8,virus.dpi11,virus.dpi13,virus.dpi15,virus.avg.dpi2,virus.avg.dpi3,virus.avg.dpi4,virus.avg.dpi5,virus.avg.dpi15,Rsum.dpi2,Rsum.dpi3,Rsum.dpi4,Rsum.dpi5,bursa,ileum,Cecum.BB,Cecum.CC,Cecum.Crypts,Colon.BB,Colon.CC,Colon.Crypts,Ileum.BB,Ileum.CC,Ileum.Crypts,Proximal.BB,Proximal.CC,Proximal.Crypts,AB_DPI_5,AB_DPI_8,AB_DPI_11,AB_DPI_15,AB_DPI_22,AB_DPI_29,AB_sum,AB_avg,sac_wt,RINbursa,RINbursa_seq,RINileum,RINileum_seq,lab_RINileum,Metric.virus.sac,Metric.virus.avg,SSMetric.virus.sac,SSMetric.virus.avg,virus.avg.15dpi,virus.sum.dpi1to29,nest,hatchdate,room,sacdate,bcs,wound,droop,shedstat_OLD,shedstat_spec,shedstat_conf,shedavg,sacdayshed,X20.80_group,X20.80_groupM,SS_group_A1,Confident.SS_Group.x
62,MALE,I-1,64,800,MSU_4,UMN,HIGH,HIGH,NA,1604384.528,1604384.53,1604384.53,NA,NA,NA,NA,NA,NA,NA,NA,NA,NA,NA,NA,NA,NA,NA,NA,NA,82541.36,12024152,0,0,0,0,0,1.5,4,3.5,1.5,2.5,7.5,11,NA,NA,NA,NA,NA,NA,NA,NA,800,9.550347715,9.550347715,4.9,4.9,UMN,six,six,HIGH,HIGH,1604384.53,1604384.53,381,7-Jul,108,9/10/2015,4,N,N,S,H,H,78980000,78980000,High,High,High,High
56,MALE,I-1,66,889,MSU_4,UMN,HIGH,HIGH,NA,1056411.714,1056411.71,1056411.71,NA,NA,NA,NA,NA,NA,NA,NA,NA,NA,NA,NA,NA,NA,NA,NA,NA,371519.75,17899235.5,80,80,71,80,80,80,80,80,80,44,24.5,41,NA,NA,NA,NA,NA,NA,NA,NA,860,10,10,8.8,8.8,UMN,six,six,HIGH,HIGH,1056411.71,1056411.71,511,5-Jul,108,9/10/2015,4,N,N,S,H,H,5.20E+07,5.20E+07,High,High,High,High
2,MALE,I-1,101,996.4,MSU_1,UMN,HIGH,HIGH,NA,348387.195,348387.2,348387.2,NA,NA,NA,NA,NA,NA,NA,NA,NA,NA,NA,NA,NA,NA,NA,NA,NA,528661.5,2660027.75,3.75,3.75,3,NA,NA,32,NA,NA,35,0,5,5,NA,NA,NA,NA,NA,NA,NA,NA,900,8.883404696,8.883404696,5.5,5.5,UMN,five,five,HIGH,HIGH,348387.2,348387.2,78,31-May,108,9/10/2015,4,Y,N,S,H,H,17175000,17175000,High,High,High,High
66,MALE,I-1,62,800,MSU_4,UMN,MODERATE,MODERATE,NA,44900.964,44900.96,44900.96,NA,NA,NA,NA,NA,NA,NA,NA,NA,NA,NA,NA,NA,NA,NA,NA,NA,3396319,25000725,NA,NA,80,35,35,35,4,5,6.5,1.25,3.125,0,NA,NA,NA,NA,NA,NA,NA,NA,860,9.833243377,9.833243377,8.3,8.3,UMN,four,four,MODERATE,MODERATE,44900.96,44900.96,427,9-Jul,108,9/10/2015,4,N,N,M,M,M,2210000,2210000,,,Moderate,Moderate
14,MALE,I-1,87,1000,MSU_1,,MODERATE,MODERATE,NA,11066.47,11066.47,11066.47,NA,NA,NA,NA,NA,NA,NA,NA,NA,NA,NA,NA,NA,NA,NA,NA,NA,135259.68,4088446.875,NA,NA,0,0.5,0,0,NA,NA,0,0,2.5,0.5,NA,NA,NA,NA,NA,NA,NA,NA,910,9.1,9.1,4.5,NA,UMN,four,four,MODERATE,MODERATE,11066.47,11066.47,56,14-Jun,108,9/10/2015,3,Y,Y,M,M,NA,544750,544750,,,Moderate,NA
32,MALE,I-1,78,980,MSU_2,,MODERATE,MODERATE,NA,10810.3975,10810.4,10810.4,NA,NA,NA,NA,NA,NA,NA,NA,NA,NA,NA,NA,NA,NA,NA,NA,NA,102662.285,4153468.5,0,0,0.714285714,35,35,1.5,0,0,0,1.5,3,1,NA,NA,NA,NA,NA,NA,NA,NA,1010,8.532327739,8.532327739,3.5,NA,UMN,four,four,MODERATE,MODERATE,10810.4,10810.4,143,23-Jun,108,9/10/2015,4,N,N,L,M,NA,532250,532250,,,Moderate,NA
6,FEMALE,I-1,100,769,MSU_1,UMN,MODERATE,MODERATE,NA,945.735,945.74,945.74,NA,NA,NA,NA,NA,NA,NA,NA,NA,NA,NA,NA,NA,NA,NA,NA,NA,4324.615,6311.66,0.625,0,0,3.5,3,0.5,5,11,0,0.625,3.125,1.5,NA,NA,NA,NA,NA,NA,NA,NA,730,9.8200174,9.8200174,9.4,9.4,UMN,two,two,LOW,LOW,945.74,945.74,19,1-Jun,108,9/10/2015,3,N,N,L,M,NA,46575,46575,,,Moderate,NA
54,FEMALE,I-1,66,980,MSU_3,UMN,MODERATE,MODERATE,NA,752.2425,752.24,752.24,NA,NA,NA,NA,NA,NA,NA,NA,NA,NA,NA,NA,NA,NA,NA,NA,NA,6629.15,0,NA,NA,0,0.714285714,1.428571429,2.5,2.5,5,5,1.111111111,5,3.5,NA,NA,NA,NA,NA,NA,NA,NA,880,10,10,8.2,8.2,UMN,two,two,LOW,LOW,752.24,752.24,665,5-Jul,108,9/10/2015,5,N,N,L,M,NA,37050,37050,,,Moderate,NA
28,FEMALE,I-1,79,786.6,MSU_2,UMN,MODERATE,MODERATE,NA,483.16,483.16,483.16,NA,NA,NA,NA,NA,NA,NA,NA,NA,NA,NA,NA,NA,NA,NA,NA,NA,7314.63,14892.82,1.25,1.25,2.777777778,32,14,11,0,7.222222222,3.5,3.125,1.875,1.5,NA,NA,NA,NA,NA,NA,NA,NA,940,8.676289178,8.676289178,7.3,7.3,UMN,two,two,LOW,LOW,483.16,483.16,522,22-Jun,108,9/10/2015,5,N,N,L,M,NA,23802.5,23802.5,,,Moderate,NA
49,FEMALE,I-1,70,640,MSU_3,UMN,LOW,LOW,NA,89.486,89.49,89.49,NA,NA,NA,NA,NA,NA,NA,NA,NA,NA,NA,NA,NA,NA,NA,NA,NA,47171.095,248.155,0.555555556,0.555555556,0,1,2.5,4,NA,NA,0.625,1.5,7.5,2.5,NA,NA,NA,NA,NA,NA,NA,NA,640,10,10,5.8,5.8,UMN,one,one,LOW,LOW,89.49,89.49,404,1-Jul,108,9/10/2015,4,N,N,L,L,NA,4397.8,4397.8,,,Low,NA
64,FEMALE,I-1,63,700,MSU_4,UMN,LOW,LOW,NA,13.492,13.49,13.49,NA,NA,NA,NA,NA,NA,NA,NA,NA,NA,NA,NA,NA,NA,NA,NA,NA,99.595,18515.33,80,35,31.25,11,8,35,2.5,5,4.5,0,3.5,0.5,NA,NA,NA,NA,NA,NA,NA,NA,740,9.866505443,9.866505443,4.9,4.9,UMN,one,one,LOW,LOW,13.49,13.49,490,8-Jul,108,9/10/2015,3,Y,N,L,L,NA,664.6,664.6,,,Low,NA
73,FEMALE,I-1,60,640,MSU_5,UMN,LOW,LOW,NA,9.946,9.95,9.95,NA,NA,NA,NA,NA,NA,NA,NA,NA,NA,NA,NA,NA,NA,NA,NA,NA,8610.525,718.71,0,0,0,0,0,0,5,3.5,1,1.5,3,0,NA,NA,NA,NA,NA,NA,NA,NA,640,10,10,6,6,UMN,zero,zero,LOW,LOW,9.95,9.95,618,11-Jul,108,9/10/2015,4,N,N,L,L,NA,489.8,489.8,,,Low,NA
47,FEMALE,I-1,71,778.5,MSU_3,,LOW,LOW,NA,0,0,0,NA,NA,NA,NA,NA,NA,NA,NA,NA,NA,NA,NA,NA,NA,NA,NA,NA,50227.885,1249.89,68.75,68.75,65,80,17.85714286,35,14,20,39.5,2.5,6,3,NA,NA,NA,NA,NA,NA,NA,NA,740,10,10,4.9,NA,UMN,zero,zero,LOW,LOW,0,0,622,30-Jun,108,9/10/2015,4,N,N,L,L,NA,0,0,,,Low,NA
69,MALE,I-1,61,740,MSU_4,UMN,LOW,LOW,NA,0,0,0,NA,NA,NA,NA,NA,NA,NA,NA,NA,NA,NA,NA,NA,NA,NA,NA,NA,0,7761.57,0,0,0.714285714,NA,NA,NA,NA,NA,NA,0,0.833333333,0,NA,NA,NA,NA,NA,NA,NA,NA,800,9.485675414,9.485675414,5.6,5.6,UMN,zero,zero,LOW,LOW,0,0,623,10-Jul,108,9/10/2015,3,N,N,NA,L,NA,0,0,,,Low,NA
70,FEMALE,I-1,61,790,MSU_4,UMN,LOW,LOW,NA,0,0,0,NA,NA,NA,NA,NA,NA,NA,NA,NA,NA,NA,NA,NA,NA,NA,NA,NA,7286.055,8923.355,59.375,59.375,19.5,3.571428571,2.857142857,1.5,NA,NA,0,15.5,17,20,NA,NA,NA,NA,NA,NA,NA,NA,890,9.290995124,9.290995124,7,7,UMN,zero,zero,LOW,LOW,0,0,595,10-Jul,108,9/10/2015,4,N,N,L,L,NA,0,0,,,Low,NA
58,MALE,I-2,64,800,MSU_4,MSU_6,HIGH,HIGH,HIGH,116545.38,71706.2,26867.02,116545.38,NA,NA,NA,NA,NA,NA,NA,71706.2,NA,NA,NA,NA,143412.4,NA,NA,NA,1456994.625,17867629.5,46.25,38.75,7.5,35,35,5,53,50,32,50,53,50,NA,NA,NA,NA,NA,NA,NA,NA,820,9.899766642,9.899766642,9.674579661,9.674579661,MSU,five,four,HIGH,MODERATE,71706.2,143412.4,352,7-Jul,107,9/11/2015,5,N,N,S,M,M,3528333.334,5736666.667,,,Moderate,Moderate
7,FEMALE,I-2,98,944,MSU_1,MSU_5,HIGH,MODERATE,HIGH,81001.41333,47141.105,13280.8,81001.41,NA,NA,NA,NA,NA,NA,NA,47141.11,NA,NA,NA,NA,94282.21,NA,NA,NA,877148,1357100.44,4,4,25,3.5,5,39.5,2.5,35,53,0,3,35,NA,NA,NA,NA,NA,NA,NA,NA,940,10,10,8.757176354,8.757176354,MSU,four,four,MODERATE,MODERATE,47141.11,94282.21,126,3-Jun,107,9/11/2015,5,N,N,L,M,NA,2320333.334,3986666.667,,,Moderate,NA
31,FEMALE,I-2,78,940,MSU_2,MSU_5,MODERATE,MODERATE,HIGH,9780.64,48838.94,87897.24,9780.64,NA,NA,NA,NA,NA,NA,NA,48838.94,NA,NA,NA,NA,97677.88,NA,NA,NA,68314.355,6713223.25,80,80,80,48.5,41,80,45.5,45.5,66.5,4.166666667,5,0.5,NA,NA,NA,NA,NA,NA,NA,NA,870,9.1,9.1,8.655550962,8.655550962,MSU,three,four,LOW,MODERATE,48838.94,97677.88,143,23-Jun,108,9/11/2015,3,Y,N,M,M,NA,2404166.667,481666.667,,,Moderate,NA
52,MALE,I-2,68,991.8,MSU_3,UMN,MODERATE,MODERATE,HIGH,4517.83,69893.77,135269.71,4517.83,NA,NA,NA,NA,NA,NA,NA,69893.77,NA,NA,NA,NA,139787.54,NA,NA,NA,0,10441.84,80,48.5,39.5,33.5,62,32,11,17,20,5,23,23,NA,NA,NA,NA,NA,NA,NA,NA,830,10,10,6.5,6.5,UMN,three,four,LOW,MODERATE,69893.77,139787.54,202,3-Jul,107,9/11/2015,4,N,N,M,M,M,3441250,222500,,,Moderate,Moderate
78,FEMALE,I-2,58,760,MSU_5,UMN,MODERATE,HIGH,HIGH,2337.83,227903.93,453470.03,2337.83,NA,NA,NA,NA,NA,NA,NA,227903.93,NA,NA,NA,NA,455807.86,NA,NA,NA,808800.75,1347765.19,75.5,75.5,26,1,2.5,11,35,35,57.5,0.714285714,2.857142857,1.5,NA,NA,NA,NA,NA,NA,NA,NA,760,10,10,5.1,5.1,UMN,three,five,LOW,HIGH,227903.93,455807.86,663,13-Jul,108,9/11/2015,4,N,N,S,H,H,11224166.67,115000,High,High,High,High
71,MALE,I-2,60,790,MSU_5,MSU_6,MODERATE,LOW,LOW,1.396666667,40.075,78.75,1.4,NA,NA,NA,NA,NA,NA,NA,40.08,NA,NA,NA,NA,80.15,NA,NA,NA,0,7504.11,80,80,71,39.5,39.5,17,80,42.5,75.5,80,80,75.5,NA,NA,NA,NA,NA,NA,NA,NA,790,10,10,9.089697069,9.089697069,MSU,zero,one,LOW,LOW,40.08,80.15,512,11-Jul,108,9/11/2015,5,N,N,L,L,NA,1972.666667,68.666667,,,Low,NA
38,FEMALE,I-2,75,860,MSU_3,MSU_6,LOW,MODERATE,LOW,0,2047.24,4094.48,0,NA,NA,NA,NA,NA,NA,NA,2047.24,NA,NA,NA,NA,4094.48,NA,NA,NA,8242.495,15185.54,0,2.5,5,1.5,0,7.5,46.25,11.25,3,0,0.5,0.5,NA,NA,NA,NA,NA,NA,NA,NA,850,9.870878261,9.870878261,8.9,8.9,MSU,zero,three,LOW,LOW,2047.24,4094.48,157,26-Jun,108,9/11/2015,4,N,N,L,M,NA,100666.6667,0,,,Moderate,NA
16,FEMALE,I-2,87,890,MSU_1,MSU_5,LOW,LOW,LOW,0,132.93,265.86,0,NA,NA,NA,NA,NA,NA,NA,132.93,NA,NA,NA,NA,265.86,NA,NA,NA,302,159.28,21.66666667,11.66666667,0,11,1.5,0.5,5.555555556,0,0,0,2.5,1,NA,NA,NA,NA,NA,NA,NA,NA,830,9.353319459,9.353319459,9.068786778,9.068786778,MSU,zero,two,LOW,LOW,132.93,265.86,95,14-Jun,107,9/11/2015,5,N,N,L,M,NA,6550,0,,,Moderate,NA
43,FEMALE,I-2,72,875.4,MSU_3,MSU_6,LOW,LOW,LOW,0,1.895,3.79,0,NA,NA,NA,NA,NA,NA,NA,1.9,NA,NA,NA,NA,3.79,NA,NA,NA,3134.51,0,53,16,7,44,41,0,71,9,2,0,1,0,NA,NA,NA,NA,NA,NA,NA,NA,490,10,10,8.658154755,8.658154755,MSU,zero,zero,LOW,LOW,1.9,3.79,168,29-Jun,108,9/11/2015,3,N,N,L,L,NA,93.25,0,,,Low,NA
20,MALE,I-2,83,905,MSU_2,MSU_5,LOW,LOW,LOW,0,0,0,0,NA,NA,NA,NA,NA,NA,NA,0,NA,NA,NA,NA,0,NA,NA,NA,208.97,818.99,0.8,0.7,7.7,71,32.7,1,35,14.6,4.4,17.7,18,24.8,NA,NA,NA,NA,NA,NA,NA,NA,890,10,10,9.956216059,9.956216059,MSU,zero,zero,LOW,LOW,0,0,115,18-Jun,107,9/11/2015,3,N,Y,L,L,NA,0,0,,,Low,NA
63,MALE,I-5,64,780,MSU_4,UMN,HIGH,HIGH,NA,2704429.313,540908.102,63.74,47.31,0.15,0,2704429.31,NA,NA,NA,NA,55.53,540908.1,27.8,540908.1,NA,111.05,111.2,111.2,2704540.52,377677.315,537940.86,80,80,80,66.5,66.5,80,80,80,80,4,4,20,4,NA,NA,NA,NA,NA,4,4,790,10,10,6.3,6.3,UMN,six,five,HIGH,HIGH,540908.1,2704540.52,490,7-Jul,107,9/25/2015,4,N,N,NA,H,H,26651094.89,133250000.1,High,High,High,High
75,MALE,I-5,59,760,MSU_5,MSU_6,HIGH,MODERATE,NA,62850.24667,25320.402,15536.13,2549.43,45662.23,3.97,62850.25,NA,NA,NA,NA,9042.78,25320.4,15937.94,25320.4,NA,18085.56,63747.78,63751.75,126602,295336.925,194661.98,80,80,37.5,62,57.5,23,NA,NA,20,1,3,3,32,NA,NA,NA,NA,NA,32,32,760,10,10,8.4226987,8.4226987,MSU,four,four,MODERATE,MODERATE,25320.4,126602,666,12-Jul,107,9/28/2015,3,N,N,M,M,M,1246787.767,3093333.333,Low,Moderate,Moderate,Moderate
55,MALE,I-5,66,1020,MSU_4,UMN,HIGH,HIGH,NA,45843.90333,96437.65,307701.36,NA,17909.39,14295.95,45843.9,NA,NA,NA,NA,NA,NA,NA,NA,NA,NA,NA,NA,NA,17897.265,16168.955,53.33333333,50,35,27.5,12.5,4.5,NA,NA,2.857142857,0,3.5,2,16,NA,NA,NA,NA,NA,16,16,890,10,10,6.3,6.3,UMN,four,NA,MODERATE,NA,96437.65,385750.6,665,5-Jul,107,9/23/2015,4,N,N,S,H,H,4748000,2256667,High,High,High,High
74,MALE,I-5,58,810,MSU_5,,MODERATE,LOW,NA,10954.24333,9158.922,9542.42,162.44,22755.03,2380.48,10954.24,NA,NA,NA,NA,4852.43,9158.92,8710.09,9158.92,NA,9704.86,32459.88,34840.36,45794.61,288111.075,7375356.5,35,35,23,20,20,5,3.5,5,3,2.5,10.5,1,0,NA,NA,NA,NA,NA,0,0,810,10,10,8.1,NA,UMN,four,three,MODERATE,LOW,9158.92,45794.61,663,13-Jul,107,9/27/2015,4,N,N,M,M,M,451000.6667,539333.333,Low,Moderate,Moderate,Moderate
26,MALE,I-5,79,900,MSU_2,MSU_5,MODERATE,HIGH,NA,4654.993333,103173.942,70064.26,2112.48,434538.73,4499.25,4654.99,NA,NA,NA,NA,36088.37,103173.94,127803.68,103173.94,NA,72176.74,506715.47,511214.72,515869.71,80320.505,134346.08,0,5,0,6,4,1,0,1.5,0.5,0,4,0,32,NA,NA,NA,NA,NA,32,32,950,9.819677608,9.819677608,8.618283645,8.618283645,MSU,three,five,LOW,HIGH,103173.94,515869.71,182,22-Jun,107,9/18/2015,4,N,N,M,H,H,5074250.001,229000,High,High,High,High
53,FEMALE,I-5,68,806.4,MSU_3,MSU_6,MODERATE,MODERATE,NA,1198.903333,47289.186,109186.55,33107.3,92766.19,186.99,1198.9,NA,NA,NA,NA,71146.93,47289.19,58811.76,47289.19,NA,142293.85,235060.05,235247.03,236445.94,114850.03,116188.105,1.666666667,5,4.5,63.125,5,4,5,5,2.777777778,0,1,1.5,32,NA,NA,NA,NA,NA,32,32,750,10,10,8.171955221,8.171955221,MSU,three,four,LOW,MODERATE,47289.19,236445.94,202,3-Jul,107,9/22/2015,4,N,N,S,H,H,2328337.5,59166.67,Low,Moderate,High,High
42,MALE,I-5,72,830,MSU_3,,MODERATE,LOW,NA,919.12,3744.632,0,4272.56,5441.27,8090.21,919.12,NA,NA,NA,NA,2136.28,3744.63,4451.01,3744.63,NA,4272.56,9713.83,17804.04,18723.16,50769.325,1191820.41,3,4,2,10.5,10,0.5,28.33333333,18.33333333,2.222222222,3.75,5,3,0,NA,NA,NA,NA,NA,0,0,840,9.875415935,9.875415935,4.5,NA,UMN,two,three,LOW,LOW,3744.63,18723.16,168,29-Jun,107,9/20/2015,4,Y,N,M,L,L,195829.8333,45232.5,Low,Low,Low,Low
15,FEMALE,I-5,87,790,MSU_1,MSU_5,MODERATE,MODERATE,NA,830.1633333,14724.6,43555.04,28171.5,432.1,634.2,830.16,NA,NA,NA,NA,35863.27,14724.6,18198.21,14724.6,NA,71726.54,72158.64,72792.84,73623.01,58441.36,2655533.315,3.75,3.75,1,8,4.5,4.5,3.5,3.5,5,0,1.5,3,0,NA,NA,NA,NA,NA,0,0,770,8.744074261,8.744074261,8.291869218,8.291869218,MSU,two,four,LOW,MODERATE,14724.6,73623.01,95,14-Jun,107,9/14/2015,4,Y,N,M,M,M,726175.3333,40866.667,Low,Moderate,Moderate,Moderate
68,FEMALE,I-5,62,650,MSU_4,MSU_6,MODERATE,MODERATE,NA,774.5766667,49277.45,48143.32,49166.68,39999.27,108303.4,774.58,NA,NA,NA,NA,48655,49277.45,61403.17,49277.45,NA,97310,137309.26,245612.66,246387.24,27784.14,3339.4,4.444444444,4.444444444,2.5,1,5,5,4,5,5,5,20,35,32,NA,NA,NA,NA,NA,32,32,730,10,10,9.488903853,9.488903853,MSU,two,four,LOW,MODERATE,49277.45,246387.24,623,9-Jul,107,9/26/2015,4,N,N,M,H,H,2425633.333,38166.67,Low,Moderate,High,High
22,FEMALE,I-5,81,840,MSU_2,MSU_5,LOW,MODERATE,NA,188.665,55033.3,242093.83,1717.77,31165.67,0.56,188.67,NA,NA,NA,NA,121905.8,55033.3,68744.46,55033.3,NA,243811.6,274977.27,274977.82,275166.49,102496.835,12610.44,5,5,17,32,26,8,8,7.5,23,26,26,80,64,NA,NA,NA,NA,NA,64,64,860,8.396559926,8.396559926,8.688630405,8.688630405,MSU,two,four,LOW,MODERATE,55033.3,275166.49,81,20-Jun,107,9/16/2015,3,Y,N,S,H,H,2708731.653,9297.5,Low,Moderate,High,High
23,FEMALE,I-5,81,870,MSU_2,MSU_5,LOW,MODERATE,NA,61.56666667,12153.926,17008.6,12549.7,28370.91,2778.85,61.57,NA,NA,NA,NA,14779.15,12153.92,15177.01,12153.92,NA,29558.3,57929.21,60708.06,60769.62,15907.255,60699.325,3,3,3.5,39.5,23,4.5,45.5,20,4,0,1.5,1,32,NA,NA,NA,NA,NA,32,32,950,9.426399743,9.426399743,8.638127407,8.638127407,MSU,one,four,LOW,MODERATE,12153.92,60769.62,174,20-Jun,107,9/17/2015,4,N,N,M,M,M,598073.3333,3033.333,Low,Moderate,Moderate,Moderate
19,FEMALE,I-5,84,890,MSU_2,MSU_5,LOW,LOW,NA,0.1325,1082.456,0.35,202.37,0,5209.43,0.13,NA,NA,NA,NA,101.36,1082.46,1353.04,1082.46,NA,202.72,202.72,5412.15,5412.28,2249.075,0,0,0.5,0,0,2,0.5,0,0,0,0,0,0,128,NA,NA,NA,NA,NA,128,128,740,9.520768905,9.520768905,9.55,9.55,MSU,one,three,LOW,LOW,1082.46,5412.28,115,17-Jun,107,9/15/2015,3,N,N,L,L,L,53239.45238,6.5,Low,Low,Low,Low
59,MALE,I-5,64,940,MSU_4,MSU_6,LOW,LOW,NA,0,66.138,0,330.69,0,0,0,NA,NA,NA,NA,165.35,66.14,82.67,66.14,NA,330.69,330.69,330.69,330.69,11991.315,0,0.555555556,0,0,4,4,0.5,29,5,35,1.5,2,0,16,NA,NA,NA,NA,NA,16,16,950,10,10,9.06061784,9.06061784,MSU,zero,one,LOW,LOW,66.14,330.69,381,7-Jul,107,9/24/2015,5,N,Y,L,L,L,3256,0,Low,Low,Low,Low
35,MALE,I-5,77,730,MSU_2,MSU_6,LOW,LOW,NA,0,16.38,NA,0,0,65.52,0,NA,NA,NA,NA,NA,NA,NA,NA,NA,NA,NA,NA,NA,1092.12,0,0,0,0,23,20,2,NA,NA,NA,0,0,0,0,NA,NA,NA,NA,NA,0,0,800,9.592159343,9.592159343,8.553682011,8.553682011,MSU,zero,NA,LOW,NA,16.38,65.52,212,24-Jun,107,9/19/2015,3,N,Y,L,L,L,806.1666668,0,Low,Low,Low,Low
48,FEMALE,I-5,70,841.5,MSU_3,MSU_6,LOW,LOW,NA,0,1.59,6.25,1.7,0,0,0,NA,NA,NA,NA,3.98,1.59,1.99,1.59,NA,7.95,7.95,7.95,7.95,83.94,0,80,80,80,80,35,7.5,NA,NA,NA,4,5,4.5,32,NA,NA,NA,NA,NA,32,32,730,10,10,8.328774599,8.328774599,MSU,zero,zero,LOW,LOW,1.59,7.95,402,1-Jul,107,9/21/2015,3,Y,N,L,L,L,78.33333333,0,Low,Low,Low,Low
61,FEMALE,I-15,64,810,MSU_4,,NA,MODERATE,NA,565.82,28782.19,138.67,7957.79,133757.06,670,1387.43,13.85,0,24.69,565.82,4048.23,28782.19,35630.88,28782.19,16057.26,8096.47,141853.53,142523.52,143910.96,NA,NA,1.428571429,5,14,4,5,5,25,18.33333333,2.222222222,2.5,5,5,0,64,8,32,NA,NA,104,26,660,10,10,8.843778855,NA,MSU,two,four,LOW,MODERATE,16057.26,144515.32,348,7-Jul,105,9/24/2015,4,Y,N,M,M,M,1416625.333,29770,Low,Moderate,Moderate,Moderate
57,FEMALE,I-15,64,740,MSU_4,,NA,HIGH,NA,0,167893.7,153573.29,156877.4,525420.66,3561.86,35.29,0,0,0,0,155225.35,167893.7,209858.3,167893.7,93274.28,310450.69,835871.35,839433.21,839468.49,NA,NA,12.5,11.25,1,35,23,5,23.75,8.75,4.5,80,80,54.28571429,128,128,64,64,NA,NA,384,96,860,10,10,5.9,NA,MSU,zero,four,LOW,MODERATE,93274.28,839468.49,352,7-Jul,105,9/24/2015,4,N,N,S,H,H,8262113.667,0,High,High,High,High
65,FEMALE,I-15,62,910,MSU_4,,NA,HIGH,NA,0,85017.458,32302.74,6007.97,386487.26,289.2,0.12,0,0,0,0,19155.36,85017.46,106271.79,85017.46,47231.92,38310.71,424797.98,425087.17,425087.29,NA,NA,0,2.222222222,4.5,0.5,2,20,3.5,4,3.5,0,2,2,64,64,16,64,NA,NA,208,52,750,10,10,5.132774861,NA,MSU,zero,four,LOW,MODERATE,47231.92,425087.29,513,9-Jul,105,9/24/2015,4,N,N,S,H,H,4187384.538,0,High,High,High,High
34,MALE,I-15,78,850,MSU_2,,NA,MODERATE,NA,0,82965.604,229018.68,90829.83,82768.8,2.74,12207.97,240.48,0,0,0,159924.26,82965.6,100655.01,82965.6,46118.72,319848.51,402617.31,402620.05,414828.02,NA,NA,27,4,0,41,10,0,8.75,5,0,0.5,0.5,0.5,32,128,32,32,NA,NA,224,56,960,4.989117233,4.989117233,5.135797815,NA,MSU,zero,four,LOW,MODERATE,46118.72,415068.5,621,23-Jun,105,9/24/2015,4,N,N,S,H,H,4085227,11800,High,High,High,High
10,FEMALE,I-15,89,820,MSU_1,,NA,MODERATE,NA,0,17936.138,12950.11,42249.22,27349.85,645.4,6486.11,0,491.23,0,0,27599.66,17936.14,20798.65,17936.14,10019.1,55199.33,82549.18,83194.58,89680.69,NA,NA,0,0,0,0,0,0,1.25,0,0.833333333,1,3,0.5,NA,128,64,64,NA,NA,256,85.33333333,780,9.394938943,9.394938943,6.477933409,NA,MSU,zero,four,LOW,MODERATE,10019.1,90171.92,50,12-Jun,105,9/24/2015,4,N,N,M,M,M,883026.6667,24200,Low,Moderate,Moderate,Moderate
30,MALE,I-15,78,970,MSU_2,,NA,MODERATE,NA,0,15478.772,31745.06,29278.49,12567.82,2370.81,1431.68,0,0,77.29,0,30511.78,15478.77,18990.54,15478.77,8607.9,61023.55,73591.37,75962.18,77393.85,NA,NA,80,80,80,22.14285714,17.85714286,0.5,3.571428571,5,0,2.5,4.5,1.5,64,128,32,32,NA,NA,256,64,970,8.991427528,8.991427528,6.380946446,NA,MSU,zero,three,LOW,LOW,8607.9,77471.14,102,23-Jun,105,9/24/2015,4,N,N,M,M,M,761340.6667,3805,Low,Moderate,Moderate,Moderate
45,FEMALE,I-15,71,800,MSU_3,,NA,LOW,NA,0,5905.962,1145.29,11437.46,1821.41,104.22,15021.43,0,0,0,0,6291.37,5905.96,3627.1,5905.96,3281.09,12582.75,14404.16,14508.38,29529.81,NA,NA,35,35,0.833333333,2.5,3,1,5,2.777777778,1.111111111,0,1,1,64,256,64,64,NA,NA,448,112,850,10,10,7.508128606,NA,MSU,zero,three,LOW,LOW,3281.09,29529.81,474,30-Jun,105,9/24/2015,4,N,N,M,M,M,290769.1667,0,Low,Moderate,Moderate,Moderate
27,MALE,I-15,79,990,MSU_2,,NA,LOW,NA,0,5355.174,1979.63,9474.41,12923.07,2387.95,10.81,0,0,0,0,5727.02,5355.17,6691.27,5355.17,2975.1,11454.04,24377.11,26765.06,26775.87,NA,NA,NA,NA,NA,29,10,4.5,NA,NA,NA,0,0,0,64,NA,64,64,NA,NA,192,64,900,8.768233211,8.768233211,6.007166995,NA,MSU,zero,three,LOW,LOW,2975.1,26775.87,522,22-Jun,105,9/24/2015,3,Y,N,L,M,M,263549.7333,0,Low,Moderate,Moderate,Moderate
12,MALE,I-15,87,940,MSU_1,,NA,LOW,NA,0,1940.414,38.13,9448.64,215.3,0,0,0,0,0,0,4743.39,1940.41,2425.52,1940.41,1078.01,9486.77,9702.07,9702.07,9702.07,NA,NA,NA,NA,75.5,36.5,5,7,44,26,5,0.5,2,0.5,128,128,64,64,NA,NA,384,96,1010,8.83425151,8.83425151,5.14174037,NA,MSU,zero,three,LOW,LOW,1078.01,9702.07,3,14-Jun,105,9/24/2015,4,N,N,L,L,L,95524.59143,0,Low,Low,Low,Low
37,MALE,I-15,76,840,MSU_2,,NA,LOW,NA,0,56.608,0.88,282.16,0,0,0,935.27,0,0,0,141.52,56.61,70.76,56.61,135.37,283.04,283.04,283.04,283.04,NA,NA,2.857142857,4.285714286,1.428571429,23,17,2,7.5,4.5,4,0,2.5,0.5,NA,0,0,8,NA,NA,8,2.666666667,1010,8.884497803,8.884497803,6.291253688,NA,MSU,zero,two,LOW,LOW,135.37,1218.31,123,25-Jun,105,9/24/2015,4,N,N,L,L,L,2786.7,46000,Low,Low,Low,Low
44,FEMALE,I-29,71,826,MSU_3,,NA,HIGH,NA,0,73301.608,248348.22,94133.12,18781.49,5243.67,1.54,0,0,0,0,171240.67,73301.61,91626.62,73301.61,40723.11,342481.34,361262.83,366506.5,366508.03,NA,NA,0,0,0.714285714,0,0.555555556,2.5,NA,NA,0.5,3,3.5,1,NA,128,NA,32,64,64,288,72,890,8.2,8.2,5.7,NA,MSU,zero,four,LOW,MODERATE,40723.11,366508.03,404,30-Jun,105,10/8/2015,4,N,N,S,H,H,3610481.766,0,High,High,High,High
40,MALE,I-29,75,840,MSU_3,,NA,HIGH,NA,0,64568.482,303495.19,208.24,16811.22,2273.51,54.25,0,0,0,0,151851.72,64568.48,80697.04,64568.48,35871.38,303703.43,320514.65,322788.16,322842.41,NA,NA,2.5,2.5,3.5,11,8.5,0,0,0,0,0,1,0.5,32,256,32,64,64,64,512,85.33333333,850,9.000677742,9.000677742,5.418465214,NA,MSU,zero,four,LOW,MODERATE,35871.38,322842.41,213,26-Jun,105,10/8/2015,4,N,N,M,H,H,3177168.666,0,High,High,High,High
36,FEMALE,I-29,76,850,MSU_2,,NA,MODERATE,NA,0,43707.28,63902.3,52348.11,19832.24,74968.79,7484.96,5.65,0,101.79,0,58125.2,43707.28,52762.86,43707.28,24293.76,116250.41,136082.65,211051.44,218536.4,NA,NA,1.5,2.5,5,2.5,1,2,1.5,3,2.5,1.5,3,0,128,256,256,64,128,128,960,160,1040,9.687681167,9.687681167,6.584435378,NA,MSU,zero,four,LOW,MODERATE,24293.76,218643.84,123,25-Jun,105,10/8/2015,4,N,N,NA,H,H,2150800,0,Low,Moderate,High,High
3,MALE,I-29,100,890.4,MSU_1,,NA,MODERATE,NA,0,25074.842,60228.22,5392.7,59614.6,71.73,66.96,0,0,0,0,32810.46,25074.84,31326.81,25074.84,13930.47,65620.92,125235.52,125307.25,125374.21,NA,NA,80,45,23,50,41,5,75,40,23,35,29,75.5,32,128,32,32,64,128,416,69.33333333,890,8.94497535,8.94497535,5.794370808,NA,MSU,zero,four,LOW,MODERATE,13930.47,125374.21,33,1-Jun,105,10/8/2015,4,N,N,M,M,M,1235132.667,0,Low,Moderate,Moderate,Moderate
77,MALE,I-29,57,730,MSU_5,,NA,MODERATE,NA,0,11090.008,33051.88,17385.98,3988.43,384.7,639.05,0,0,0,0,25218.93,11090.01,13702.75,11090.01,6161.12,50437.85,54426.29,54810.99,55450.04,NA,NA,80,80,48.5,5,5,5,71,66.5,20,0,0.5,1,256,256,32,64,64,32,704,117.3333333,910,10,10,9.138423556,NA,MSU,zero,three,LOW,LOW,6161.12,55450.04,620,14-Jul,105,10/8/2015,4,Y,N,M,M,M,546544.6667,0,Low,Moderate,Moderate,Moderate
9,MALE,I-29,97,900.2,MSU_1,,NA,MODERATE,NA,0,7765.025,0.69,NA,22102.83,8779.28,177.3,0,0,0,0,NA,NA,NA,NA,NA,NA,NA,NA,NA,NA,NA,0,3.333333333,0.714285714,75.5,29,3.5,80,33.33333333,29,0,2.5,7.5,64,128,64,128,128,64,576,96,910,9.035522868,9.035522868,7.730758543,NA,MSU,zero,NA,LOW,NA,3882.51,31060.1,52,4-Jun,105,10/8/2015,4,N,Y,M,M,M,382774.2833,0,Low,Moderate,Moderate,Moderate
17,MALE,I-29,85,910,MSU_1,,NA,LOW,NA,0,2193.884,7568.2,10.92,2708.36,681.94,0,0,0,0,0,3789.56,2193.88,2742.35,2193.88,1218.82,7579.11,10287.47,10969.41,10969.41,NA,NA,8.571428571,9.285714286,11.66666667,11,11,35,0,5,11.875,1.5,5,0,32,64,8,16,16,16,152,25.33333333,1070,9.230176623,9.230176623,5.367403686,NA,MSU,zero,three,LOW,LOW,1218.82,10969.41,2,16-Jun,105,10/8/2015,5,N,N,L,L,L,108034,0,Low,Low,Low,Low
60,FEMALE,I-29,64,750,MSU_4,,NA,LOW,NA,0,1861.836,56.27,4941.05,42.43,411.97,3857.46,673.22,0,0,0,2498.66,1861.84,1362.93,1861.84,1109.16,4997.32,5039.76,5451.73,9309.19,NA,NA,0.5,1.5,1.5,3.5,4,4.5,NA,NA,NA,0,3.333333333,5,0,128,128,128,256,128,768,128,880,10,10,5.410152673,NA,MSU,zero,three,LOW,LOW,1109.16,9982.41,348,7-Jul,105,10/8/2015,4,N,N,L,L,L,91631.46667,0,Low,Low,Low,Low
51,FEMALE,I-29,69,883.8,MSU_3,,NA,LOW,NA,0,1405.428,445.44,4792.76,427.27,18.33,1343.34,52.97,0,0,0,2619.1,1405.43,1420.95,1405.43,786.68,5238.2,5665.48,5683.81,7027.15,NA,NA,NA,NA,NA,0,0,2,NA,NA,NA,1,6.5,0,256,256,64,128,256,128,1088,181.3333333,960,9.00539117,9.00539117,5.697548761,NA,MSU,zero,two,LOW,LOW,786.68,7080.12,519,2-Jul,105,10/8/2015,5,N,N,L,L,L,69200.66666,0,Low,Low,Low,Low
5,MALE,I-29,100,945.3,MSU_1,,NA,LOW,NA,0,23.18,NA,92.72,0,0,0,0,0,0,0,NA,NA,NA,NA,NA,NA,NA,NA,NA,NA,NA,0,0.714285714,0,0,0.5,0,39.5,20,1,5,5,0,0,0,0,4,0,4,8,1.333333333,870,9.970932524,9.970932524,6.050542756,NA,MSU,zero,NA,LOW,NA,11.59,92.72,19,1-Jun,105,10/8/2015,4,N,Y,M,L,L,1140.666667,0,Low,Low,Low,Low
1,FEMALE,C-1,101,977.3,MSU_1,UMN,NA,NA,NA,0,0,0,NA,NA,NA,NA,NA,NA,NA,NA,NA,NA,NA,NA,NA,NA,NA,NA,NA,NA,NA,NA,NA,0.625,48.5,20,1.5,NA,NA,1,0,5,11,NA,NA,NA,NA,NA,NA,NA,NA,949.1,7.2,NA,9,9,UMN,zero,zero,LOW,LOW,CONTROL,CONTROL,78,31-May,106,9/10/2015,3,N,Y,C,C,C,NA,NA,NA,NA,Control,Control
13,FEMALE,C-1,87,910,MSU_1,UMN,NA,NA,NA,0,0,0,NA,NA,NA,NA,NA,NA,NA,NA,NA,NA,NA,NA,NA,NA,NA,NA,NA,NA,NA,NA,NA,NA,45.5,29,35,NA,NA,NA,0,0.5,4,NA,NA,NA,NA,NA,NA,NA,NA,1020,8.635698581,8.635698581,5.1,5.1,UMN,zero,zero,LOW,LOW,CONTROL,CONTROL,56,14-Jun,106,9/10/2015,4,N,N,C,C,C,NA,NA,NA,NA,Control,Control
46,MALE,C-1,71,833.3,MSU_3,MSU_6,NA,NA,NA,0,0,0,NA,NA,NA,NA,NA,NA,NA,NA,NA,NA,NA,NA,NA,NA,NA,NA,NA,NA,NA,0,0,0,71,26,19.5,42.5,8.125,1.5,NA,NA,NA,NA,NA,NA,NA,NA,NA,NA,NA,836.5,10,10,9.772298485,9.772298485,MSU,zero,zero,LOW,LOW,CONTROL,CONTROL,622,30-Jun,106,9/10/2015,3,N,N,C,C,C,NA,NA,NA,NA,Control,Control
67,MALE,C-1,62,836.1,MSU_4,MSU_6,NA,NA,NA,0,0,0,NA,NA,NA,NA,NA,NA,NA,NA,NA,NA,NA,NA,NA,NA,NA,NA,NA,NA,NA,NA,NA,NA,80,32,17,NA,NA,NA,0,3,1.5,NA,NA,NA,NA,NA,NA,NA,NA,891.8,10,10,9.933794748,9.933794748,MSU,zero,zero,LOW,LOW,CONTROL,CONTROL,427,9-Jul,106,9/10/2015,4,N,N,C,C,C,NA,NA,NA,NA,Control,Control
72,FEMALE,C-1,60,769,MSU_5,MSU_6,NA,NA,NA,0,0,0,NA,NA,NA,NA,NA,NA,NA,NA,NA,NA,NA,NA,NA,NA,NA,NA,NA,NA,NA,4.166666667,4.166666667,0.833333333,35,17,2,3,3.5,1.5,1,5,4.5,NA,NA,NA,NA,NA,NA,NA,NA,769,7.21121183,7.21121183,10,10,MSU,zero,zero,LOW,LOW,CONTROL,CONTROL,618,11-Jul,106,9/10/2015,4,N,N,NA,C,C,NA,NA,NA,NA,Control,Control
4,FEMALE,C-29,100,829,MSU_1,,NA,NA,NA,0,0,0,0,0,0,0,0,0,0,0,NA,NA,NA,NA,NA,NA,NA,NA,NA,NA,NA,0,0,0,15,6,0.5,12.5,5,1,0.625,3.75,1.5,NA,NA,NA,NA,NA,NA,NA,NA,865,7.886052063,7.886052063,4,NA,UMN,zero,zero,LOW,LOW,CONTROL,CONTROL,33,1-Jun,106,10/8/2015,4,Y,N,C,C,C,NA,NA,NA,NA,Control,Control
8,FEMALE,C-29,98,813.2,MSU_1,UMN,NA,NA,NA,0,0,0,0,0,0,0,0,0,0,0,NA,NA,NA,NA,NA,NA,NA,NA,NA,NA,NA,7.857142857,9.285714286,0.714285714,4,4.5,0,80,60.71428571,21.66666667,1,5,2.5,NA,NA,NA,NA,NA,NA,NA,NA,870,8.992642839,8.992642839,5.4,5.4,UMN,zero,zero,LOW,LOW,CONTROL,CONTROL,52,3-Jun,106,10/8/2015,3,N,N,C,C,C,NA,NA,NA,NA,Control,Control
18,MALE,C-29,85,930,MSU_2,UMN,NA,NA,NA,0,0,0,0,0,0,0,0,0,0,0,NA,NA,NA,NA,NA,NA,NA,NA,NA,NA,NA,NA,NA,2.5,23,8,7,75.5,20,2,1.5,2.5,2.5,NA,NA,NA,NA,NA,NA,NA,NA,967,9.33446621,9.33446621,8.1,8.1,UMN,zero,zero,LOW,LOW,CONTROL,CONTROL,2,16-Jun,106,10/8/2015,4,N,N,C,C,C,NA,NA,NA,NA,Control,Control
39,FEMALE,C-29,75,840,MSU_3,,NA,NA,NA,0,0,0,0,0,0,0,0,0,0,0,NA,NA,NA,NA,NA,NA,NA,NA,NA,NA,NA,8,2,29,26,8,2.5,NA,NA,NA,80,80,80,NA,NA,NA,NA,NA,NA,NA,NA,795,8.459741403,8.459741403,6,NA,UMN,zero,zero,LOW,LOW,CONTROL,CONTROL,213,26-Jun,106,10/8/2015,4,N,N,C,C,C,NA,NA,NA,NA,Control,Control
50,MALE,C-29,69,1017.4,MSU_3,,NA,NA,NA,0,0,0,0,0,0,0,0,0,0,0,NA,NA,NA,NA,NA,NA,NA,NA,NA,NA,NA,0,2,0.5,80,30.5,1.5,48.5,20,20,0,3,1.5,NA,NA,NA,NA,NA,NA,NA,NA,970,9.995084347,9.995084347,4.8,NA,UMN,zero,zero,LOW,LOW,CONTROL,CONTROL,519,2-Jul,106,10/8/2015,5,N,N,C,C,C,NA,NA,NA,NA,Control,Control
